date,count
2011-01-01,0
2011-01-02,0
2011-01-03,0
2011-01-04,0
2011-01-05,0
2011-01-06,0
2011-01-07,1
2011-01-08,0
2011-01-09,0
2011-01-10,0
2011-01-11,0
2011-01-12,0
2011-01-13,1
2011-01-14,0
2011-01-15,0
2011-01-16,0
2011-01-17,0
2011-01-18,0
2011-01-19,0
2011-01-20,0
2011-01-21,0
2011-01-22,0
2011-01-23,0
2011-01-24,0
2011-01-25,0
2011-01-26,0
2011-01-27,1
2011-01-28,0
2011-01-29,0
2011-01-30,0
2011-01-31,0
2011-02-01,0
2011-02-02,0
2011-02-03,0
2011-02-04,0
2011-02-05,0
2011-02-06,0
2011-02-07,0
2011-02-08,0
2011-02-09,0
2011-02-10,0
2011-02-11,0
2011-02-12,0
2011-02-13,0
2011-02-14,0
2011-02-15,0
2011-02-16,0
2011-02-17,0
2011-02-18,0
2011-02-19,0
2011-02-20,0
2011-02-21,0
2011-02-22,0
2011-02-23,0
2011-02-24,0
2011-02-25,0
2011-02-26,0
2011-02-27,0
2011-02-28,0
2011-03-01,0
2011-03-02,0
2011-03-03,0
2011-03-04,0
2011-03-05,0
2011-03-06,7
2011-03-07,182
2011-03-08,200
2011-03-09,241
2011-03-10,212
2011-03-11,112
2011-03-12,141
2011-03-13,154
2011-03-14,223
2011-03-15,236
2011-03-16,140
2011-03-17,118
2011-03-18,68
2011-03-19,136
2011-03-20,194
2011-03-21,251
2011-03-22,213
2011-03-23,235
2011-03-24,264
2011-03-25,202
2011-03-26,285
2011-03-27,246
2011-03-28,374
2011-03-29,283
2011-03-30,181
2011-03-31,203
2011-04-01,179
2011-04-02,121
2011-04-03,101
2011-04-04,124
2011-04-05,159
2011-04-06,148
2011-04-07,154
2011-04-08,153
2011-04-09,115
2011-04-10,125
2011-04-11,74
2011-04-12,90
2011-04-13,230
2011-04-14,68
2011-04-15,99
2011-04-16,243
2011-04-17,85
2011-04-18,110
2011-04-19,122
2011-04-20,130
2011-04-21,109
2011-04-22,199
2011-04-23,147
2011-04-24,41
2011-04-25,39
2011-04-26,36
2011-04-27,35
2011-04-28,35
2011-04-29,25
2011-04-30,43
2011-05-01,65
2011-05-02,73
2011-05-03,50
2011-05-04,86
2011-05-05,82
2011-05-06,50
2011-05-07,48
2011-05-08,34
2011-05-09,42
2011-05-10,35
2011-05-11,61
2011-05-12,26
2011-05-13,31
2011-05-14,21
2011-05-15,22
2011-05-16,53
2011-05-17,75
2011-05-18,57
2011-05-19,35
2011-05-20,24
2011-05-21,22
2011-05-22,21
2011-05-23,38
2011-05-24,17
2011-05-25,11
2011-05-26,15
2011-05-27,22
2011-05-28,28
2011-05-29,22
2011-05-30,26
2011-05-31,25
2011-06-01,42
2011-06-02,23
2011-06-03,19
2011-06-04,13
2011-06-05,24
2011-06-06,15
2011-06-07,12
2011-06-08,18
2011-06-09,30
2011-06-10,28
2011-06-11,20
2011-06-12,20
2011-06-13,14
2011-06-14,15
2011-06-15,18
2011-06-16,21
2011-06-17,16
2011-06-18,20
2011-06-19,17
2011-06-20,30
2011-06-21,25
2011-06-22,27
2011-06-23,13
2011-06-24,8
2011-06-25,8
2011-06-26,13
2011-06-27,14
2011-06-28,12
2011-06-29,14
2011-06-30,13
2011-07-01,13
2011-07-02,16
2011-07-03,18
2011-07-04,15
2011-07-05,20
2011-07-06,15
2011-07-07,34
2011-07-08,18
2011-07-09,13
2011-07-10,21
2011-07-11,21
2011-07-12,31
2011-07-13,15
2011-07-14,10
2011-07-15,24
2011-07-16,14
2011-07-17,17
2011-07-18,10
2011-07-19,30
2011-07-20,16
2011-07-21,12
2011-07-22,25
2011-07-23,14
2011-07-24,19
2011-07-25,21
2011-07-26,13
2011-07-27,17
2011-07-28,23
2011-07-29,12
2011-07-30,19
2011-07-31,18
2011-08-01,19
2011-08-02,28
2011-08-03,16
2011-08-04,17
2011-08-05,6
2011-08-06,11
2011-08-07,9
2011-08-08,15
2011-08-09,16
2011-08-10,15
2011-08-11,10
2011-08-12,14
2011-08-13,10
2011-08-14,17
2011-08-15,30
2011-08-16,22
2011-08-17,12
2011-08-18,12
2011-08-19,22
2011-08-20,11
2011-08-21,19
2011-08-22,43
2011-08-23,16
2011-08-24,15
2011-08-25,11
2011-08-26,7
2011-08-27,5
2011-08-28,3
2011-08-29,17
2011-08-30,21
2011-08-31,13
2011-09-01,14
2011-09-02,18
2011-09-03,8
2011-09-04,18
2011-09-05,18
2011-09-06,20
2011-09-07,22
2011-09-08,33
2011-09-09,15
2011-09-10,13
2011-09-11,31
2011-09-12,27
2011-09-13,24
2011-09-14,31
2011-09-15,18
2011-09-16,29
2011-09-17,28
2011-09-18,32
2011-09-19,38
2011-09-20,35
2011-09-21,26
2011-09-22,29
2011-09-23,18
2011-09-24,0
2011-09-25,37
2011-09-26,25
2011-09-27,14
2011-09-28,24
2011-09-29,16
2011-09-30,13
2011-10-01,21
2011-10-02,32
2011-10-03,118
2011-10-04,142
2011-10-05,49
2011-10-06,85
2011-10-07,66
2011-10-08,41
2011-10-09,26
2011-10-10,30
2011-10-11,28
2011-10-12,26
2011-10-13,41
2011-10-14,18
2011-10-15,47
2011-10-16,59
2011-10-17,65
2011-10-18,71
2011-10-19,64
2011-10-20,47
2011-10-21,190
2011-10-22,223
2011-10-23,199
2011-10-24,264
2011-10-25,267
2011-10-26,241
2011-10-27,605
2011-10-28,864
2011-10-29,708
2011-10-30,682
2011-10-31,635
2011-11-01,383
2011-11-02,330
2011-11-03,222
2011-11-04,365
2011-11-05,413
2011-11-06,257
2011-11-07,174
2011-11-08,115
2011-11-09,98
2011-11-10,60
2011-11-11,466
2011-11-12,349
2011-11-13,215
2011-11-14,166
2011-11-15,85
2011-11-16,104
2011-11-17,484
2011-11-18,552
2011-11-19,359
2011-11-20,188
2011-11-21,250
2011-11-22,306
2011-11-23,274
2011-11-24,244
2011-11-25,149
2011-11-26,101
2011-11-27,131
2011-11-28,93
2011-11-29,106
2011-11-30,354
2011-12-01,395
2011-12-02,313
2011-12-03,391
2011-12-04,245
2011-12-05,227
2011-12-06,150
2011-12-07,186
2011-12-08,467
2011-12-09,311
2011-12-10,383
2011-12-11,510
2011-12-12,555
2011-12-13,505
2011-12-14,307
2011-12-15,224
2011-12-16,279
2011-12-17,328
2011-12-18,673
2011-12-19,604
2011-12-20,321
2011-12-21,203
2011-12-22,159
2011-12-23,214
2011-12-24,346
2011-12-25,276
2011-12-26,346
2011-12-27,289
2011-12-28,386
2011-12-29,582
2011-12-30,225
2011-12-31,136
2012-01-01,113
2012-01-02,342
2012-01-03,891
2012-01-04,1136
2012-01-05,580
2012-01-06,271
2012-01-07,144
2012-01-08,229
2012-01-09,329
2012-01-10,287
2012-01-11,294
2012-01-12,314
2012-01-13,421
2012-01-14,541
2012-01-15,710
2012-01-16,883
2012-01-17,404
2012-01-18,394
2012-01-19,513
2012-01-20,454
2012-01-21,559
2012-01-22,547
2012-01-23,380
2012-01-24,199
2012-01-25,244
2012-01-26,248
2012-01-27,209
2012-01-28,195
2012-01-29,259
2012-01-30,358
2012-01-31,207
2012-02-01,137
2012-02-02,196
2012-02-03,249
2012-02-04,221
2012-02-05,250
2012-02-06,250
2012-02-07,259
2012-02-08,346
2012-02-09,280
2012-02-10,228
2012-02-11,287
2012-02-12,434
2012-02-13,450
2012-02-14,251
2012-02-15,206
2012-02-16,248
2012-02-17,189
2012-02-18,168
2012-02-19,195
2012-02-20,279
2012-02-21,244
2012-02-22,142
2012-02-23,129
2012-02-24,200
2012-02-25,296
2012-02-26,313
2012-02-27,186
2012-02-28,250
2012-02-29,263
2012-03-01,258
2012-03-02,257
2012-03-03,162
2012-03-04,217
2012-03-05,333
2012-03-06,376
2012-03-07,156
2012-03-08,100
2012-03-09,156
2012-03-10,298
2012-03-11,168
2012-03-12,111
2012-03-13,72
2012-03-14,85
2012-03-15,161
2012-03-16,167
2012-03-17,106
2012-03-18,105
2012-03-19,71
2012-03-20,81
2012-03-21,62
2012-03-22,49
2012-03-23,56
2012-03-24,36
2012-03-25,137
2012-03-26,279
2012-03-27,329
2012-03-28,111
2012-03-29,139
2012-03-30,155
2012-03-31,256
2012-04-01,165
2012-04-02,202
2012-04-03,144
2012-04-04,67
2012-04-05,117
2012-04-06,167
2012-04-07,151
2012-04-08,86
2012-04-09,107
2012-04-10,98
2012-04-11,164
2012-04-12,115
2012-04-13,72
2012-04-14,53
2012-04-15,31
2012-04-16,26
2012-04-17,41
2012-04-18,45
2012-04-19,37
2012-04-20,30
2012-04-21,40
2012-04-22,88
2012-04-23,147
2012-04-24,212
2012-04-25,137
2012-04-26,150
2012-04-27,238
2012-04-28,197
2012-04-29,89
2012-04-30,120
2012-05-01,76
2012-05-02,130
2012-05-03,72
2012-05-04,38
2012-05-05,34
2012-05-06,40
2012-05-07,54
2012-05-08,47
2012-05-09,40
2012-05-10,35
2012-05-11,48
2012-05-12,34
2012-05-13,25
2012-05-14,35
2012-05-15,40
2012-05-16,28
2012-05-17,31
2012-05-18,21
2012-05-19,40
2012-05-20,28
2012-05-21,58
2012-05-22,29
2012-05-23,20
2012-05-24,28
2012-05-25,22
2012-05-26,25
2012-05-27,23
2012-05-28,41
2012-05-29,29
2012-05-30,20
2012-05-31,23
2012-06-01,14
2012-06-02,22
2012-06-03,17
2012-06-04,24
2012-06-05,30
2012-06-06,31
2012-06-07,17
2012-06-08,10
2012-06-09,14
2012-06-10,16
2012-06-11,35
2012-06-12,27
2012-06-13,17
2012-06-14,23
2012-06-15,20
2012-06-16,25
2012-06-17,26
2012-06-18,32
2012-06-19,34
2012-06-20,24
2012-06-21,25
2012-06-22,19
2012-06-23,23
2012-06-24,23
2012-06-25,22
2012-06-26,22
2012-06-27,17
2012-06-28,13
2012-06-29,24
2012-06-30,26
2012-07-01,28
2012-07-02,36
2012-07-03,20
2012-07-04,19
2012-07-05,28
2012-07-06,28
2012-07-07,26
2012-07-08,28
2012-07-09,25
2012-07-10,27
2012-07-11,18
2012-07-12,25
2012-07-13,17
2012-07-14,8
2012-07-15,22
2012-07-16,22
2012-07-17,24
2012-07-18,21
2012-07-19,18
2012-07-20,13
2012-07-21,19
2012-07-22,16
2012-07-23,17
2012-07-24,27
2012-07-25,20
2012-07-26,17
2012-07-27,24
2012-07-28,23
2012-07-29,20
2012-07-30,26
2012-07-31,26
2012-08-01,23
2012-08-02,13
2012-08-03,25
2012-08-04,14
2012-08-05,20
2012-08-06,23
2012-08-07,21
2012-08-08,28
2012-08-09,25
2012-08-10,13
2012-08-11,18
2012-08-12,21
2012-08-13,32
2012-08-14,32
2012-08-15,22
2012-08-16,29
2012-08-17,12
2012-08-18,19
2012-08-19,21
2012-08-20,36
2012-08-21,29
2012-08-22,27
2012-08-23,12
2012-08-24,34
2012-08-25,28
2012-08-26,27
2012-08-27,23
2012-08-28,27
2012-08-29,21
2012-08-30,18
2012-08-31,18
2012-09-01,11
2012-09-02,12
2012-09-03,27
2012-09-04,31
2012-09-05,22
2012-09-06,24
2012-09-07,23
2012-09-08,21
2012-09-09,24
2012-09-10,36
2012-09-11,32
2012-09-12,24
2012-09-13,23
2012-09-14,17
2012-09-15,7
2012-09-16,14
2012-09-17,15
2012-09-18,23
2012-09-19,28
2012-09-20,23
2012-09-21,21
2012-09-22,16
2012-09-23,22
2012-09-24,34
2012-09-25,31
2012-09-26,31
2012-09-27,18
2012-09-28,17
2012-09-29,14
2012-09-30,34
2012-10-01,41
2012-10-02,28
2012-10-03,30
2012-10-04,30
2012-10-05,19
2012-10-06,25
2012-10-07,87
2012-10-08,218
2012-10-09,213
2012-10-10,147
2012-10-11,249
2012-10-12,413
2012-10-13,497
2012-10-14,119
2012-10-15,81
2012-10-16,141
2012-10-17,189
2012-10-18,122
2012-10-19,60
2012-10-20,46
2012-10-21,65
2012-10-22,118
2012-10-23,67
2012-10-24,104
2012-10-25,101
2012-10-26,65
2012-10-27,38
2012-10-28,43
2012-10-29,14
2012-10-30,2
2012-10-31,116
2012-11-01,365
2012-11-02,659
2012-11-03,509
2012-11-04,512
2012-11-05,747
2012-11-06,681
2012-11-07,1000
2012-11-08,579
2012-11-09,394
2012-11-10,235
2012-11-11,117
2012-11-12,110
2012-11-13,246
2012-11-14,425
2012-11-15,393
2012-11-16,360
2012-11-17,247
2012-11-18,284
2012-11-19,294
2012-11-20,266
2012-11-21,210
2012-11-22,135
2012-11-23,150
2012-11-24,382
2012-11-25,517
2012-11-26,375
2012-11-27,466
2012-11-28,430
2012-11-29,442
2012-11-30,323
2012-12-01,331
2012-12-02,178
2012-12-03,119
2012-12-04,113
2012-12-05,249
2012-12-06,427
2012-12-07,325
2012-12-08,172
2012-12-09,175
2012-12-10,146
2012-12-11,219
2012-12-12,293
2012-12-13,347
2012-12-14,260
2012-12-15,269
2012-12-16,248
2012-12-17,286
2012-12-18,226
2012-12-19,262
2012-12-20,269
2012-12-21,269
2012-12-22,466
2012-12-23,352
2012-12-24,267
2012-12-25,241
2012-12-26,639
2012-12-27,511
2012-12-28,430
2012-12-29,373
2012-12-30,517
2012-12-31,386
2013-01-01,327
2013-01-02,577
2013-01-03,595
2013-01-04,429
2013-01-05,336
2013-01-06,262
2013-01-07,290
2013-01-08,266
2013-01-09,183
2013-01-10,213
2013-01-11,230
2013-01-12,151
2013-01-13,171
2013-01-14,152
2013-01-15,309
2013-01-16,355
2013-01-17,212
2013-01-18,534
2013-01-19,385
2013-01-20,110
2013-01-21,671
2013-01-22,911
2013-01-23,769
2013-01-24,1764
2013-01-25,966
2013-01-26,667
2013-01-27,496
2013-01-28,497
2013-01-29,265
2013-01-30,207
2013-01-31,280
2013-02-01,403
2013-02-02,494
2013-02-03,471
2013-02-04,551
2013-02-05,444
2013-02-06,363
2013-02-07,441
2013-02-08,500
2013-02-09,422
2013-02-10,367
2013-02-11,325
2013-02-12,239
2013-02-13,217
2013-02-14,235
2013-02-15,176
2013-02-16,289
2013-02-17,479
2013-02-18,654
2013-02-19,303
2013-02-20,290
2013-02-21,603
2013-02-22,307
2013-02-23,225
2013-02-24,213
2013-02-25,257
2013-02-26,247
2013-02-27,347
2013-02-28,175
2013-03-01,198
2013-03-02,186
2013-03-03,237
2013-03-04,342
2013-03-05,244
2013-03-06,357
2013-03-07,273
2013-03-08,278
2013-03-09,166
2013-03-10,148
2013-03-11,161
2013-03-12,167
2013-03-13,154
2013-03-14,300
2013-03-15,253
2013-03-16,253
2013-03-17,235
2013-03-18,378
2013-03-19,310
2013-03-20,217
2013-03-21,255
2013-03-22,254
2013-03-23,215
2013-03-24,166
2013-03-25,259
2013-03-26,151
2013-03-27,153
2013-03-28,179
2013-03-29,112
2013-03-30,89
2013-03-31,104
2013-04-01,164
2013-04-02,292
2013-04-03,269
2013-04-04,229
2013-04-05,104
2013-04-06,159
2013-04-07,120
2013-04-08,94
2013-04-09,85
2013-04-10,63
2013-04-11,50
2013-04-12,230
2013-04-13,129
2013-04-14,85
2013-04-15,140
2013-04-16,85
2013-04-17,71
2013-04-18,70
2013-04-19,45
2013-04-20,64
2013-04-21,166
2013-04-22,221
2013-04-23,288
2013-04-24,105
2013-04-25,79
2013-04-26,38
2013-04-27,62
2013-04-28,64
2013-04-29,76
2013-04-30,59
2013-05-01,46
2013-05-02,58
2013-05-03,38
2013-05-04,37
2013-05-05,74
2013-05-06,67
2013-05-07,49
2013-05-08,40
2013-05-09,43
2013-05-10,18
2013-05-11,48
2013-05-12,39
2013-05-13,98
2013-05-14,116
2013-05-15,46
2013-05-16,42
2013-05-17,23
2013-05-18,37
2013-05-19,46
2013-05-20,43
2013-05-21,44
2013-05-22,44
2013-05-23,36
2013-05-24,42
2013-05-25,119
2013-05-26,72
2013-05-27,44
2013-05-28,50
2013-05-29,43
2013-05-30,23
2013-05-31,20
2013-06-01,39
2013-06-02,35
2013-06-03,36
2013-06-04,25
2013-06-05,26
2013-06-06,19
2013-06-07,16
2013-06-08,25
2013-06-09,31
2013-06-10,35
2013-06-11,20
2013-06-12,38
2013-06-13,31
2013-06-14,31
2013-06-15,30
2013-06-16,27
2013-06-17,38
2013-06-18,33
2013-06-19,36
2013-06-20,37
2013-06-21,30
2013-06-22,21
2013-06-23,29
2013-06-24,28
2013-06-25,26
2013-06-26,35
2013-06-27,28
2013-06-28,29
2013-06-29,9
2013-06-30,18
2013-07-01,19
2013-07-02,16
2013-07-03,12
2013-07-04,13
2013-07-05,16
2013-07-06,14
2013-07-07,20
2013-07-08,19
2013-07-09,23
2013-07-10,16
2013-07-11,26
2013-07-12,18
2013-07-13,12
2013-07-14,20
2013-07-15,21
2013-07-16,19
2013-07-17,23
2013-07-18,26
2013-07-19,15
2013-07-20,14
2013-07-21,23
2013-07-22,22
2013-07-23,23
2013-07-24,29
2013-07-25,22
2013-07-26,20
2013-07-27,13
2013-07-28,14
2013-07-29,29
2013-07-30,29
2013-07-31,19
2013-08-01,16
2013-08-02,15
2013-08-03,21
2013-08-04,10
2013-08-05,22
2013-08-06,21
2013-08-07,13
2013-08-08,23
2013-08-09,18
2013-08-10,13
2013-08-11,22
2013-08-12,27
2013-08-13,24
2013-08-14,12
2013-08-15,21
2013-08-16,16
2013-08-17,13
2013-08-18,15
2013-08-19,30
2013-08-20,24
2013-08-21,17
2013-08-22,27
2013-08-23,22
2013-08-24,15
2013-08-25,18
2013-08-26,21
2013-08-27,22
2013-08-28,15
2013-08-29,26
2013-08-30,25
2013-08-31,9
2013-09-01,10
2013-09-02,20
2013-09-03,23
2013-09-04,18
2013-09-05,20
2013-09-06,28
2013-09-07,22
2013-09-08,29
2013-09-09,25
2013-09-10,33
2013-09-11,22
2013-09-12,12
2013-09-13,25
2013-09-14,15
2013-09-15,27
2013-09-16,61
2013-09-17,42
2013-09-18,30
2013-09-19,15
2013-09-20,44
2013-09-21,29
2013-09-22,20
2013-09-23,35
2013-09-24,39
2013-09-25,38
2013-09-26,24
2013-09-27,24
2013-09-28,26
2013-09-29,25
2013-09-30,29
2013-10-01,30
2013-10-02,31
2013-10-03,38
2013-10-04,23
2013-10-05,21
2013-10-06,27
2013-10-07,29
2013-10-08,37
2013-10-09,51
2013-10-10,78
2013-10-11,34
2013-10-12,35
2013-10-13,35
2013-10-14,62
2013-10-15,46
2013-10-16,47
2013-10-17,27
2013-10-18,19
2013-10-19,29
2013-10-20,82
2013-10-21,126
2013-10-22,93
2013-10-23,368
2013-10-24,758
2013-10-25,657
2013-10-26,378
2013-10-27,242
2013-10-28,258
2013-10-29,317
2013-10-30,234
2013-10-31,119
2013-11-01,38
2013-11-02,45
2013-11-03,343
2013-11-04,554
2013-11-05,382
2013-11-06,171
2013-11-07,182
2013-11-08,413
2013-11-09,336
2013-11-10,263
2013-11-11,332
2013-11-12,751
2013-11-13,844
2013-11-14,473
2013-11-15,263
2013-11-16,153
2013-11-17,103
2013-11-18,124
2013-11-19,475
2013-11-20,540
2013-11-21,410
2013-11-22,129
2013-11-23,5
2013-11-24,1140
2013-11-25,1604
2013-11-26,561
2013-11-27,365
2013-11-28,365
2013-11-29,413
2013-11-30,612
2013-12-01,273
2013-12-02,268
2013-12-03,233
2013-12-04,247
2013-12-05,163
2013-12-06,279
2013-12-07,359
2013-12-08,609
2013-12-09,511
2013-12-10,548
2013-12-11,702
2013-12-12,956
2013-12-13,851
2013-12-14,639
2013-12-15,523
2013-12-16,634
2013-12-17,592
2013-12-18,481
2013-12-19,319
2013-12-20,185
2013-12-21,109
2013-12-22,73
2013-12-23,94
2013-12-24,324
2013-12-25,433
2013-12-26,432
2013-12-27,330
2013-12-28,220
2013-12-29,192
2013-12-30,313
2013-12-31,512
2014-01-01,380
2014-01-02,773
2014-01-03,983
2014-01-04,1303
2014-01-05,611
2014-01-06,543
2014-01-07,1751
2014-01-08,1259
2014-01-09,591
2014-01-10,392
2014-01-11,214
2014-01-12,201
2014-01-13,208
2014-01-14,232
2014-01-15,208
2014-01-16,269
2014-01-17,231
2014-01-18,347
2014-01-19,463
2014-01-20,374
2014-01-21,809
2014-01-22,1217
2014-01-23,1327
2014-01-24,1092
2014-01-25,839
2014-01-26,586
2014-01-27,524
2014-01-28,690
2014-01-29,641
2014-01-30,652
2014-01-31,477
2014-02-01,480
2014-02-02,221
2014-02-03,351
2014-02-04,299
2014-02-05,411
2014-02-06,671
2014-02-07,392
2014-02-08,639
2014-02-09,496
2014-02-10,620
2014-02-11,914
2014-02-12,695
2014-02-13,562
2014-02-14,263
2014-02-15,230
2014-02-16,301
2014-02-17,437
2014-02-18,301
2014-02-19,243
2014-02-20,181
2014-02-21,209
2014-02-22,156
2014-02-23,122
2014-02-24,358
2014-02-25,407
2014-02-26,382
2014-02-27,448
2014-02-28,625
2014-03-01,428
2014-03-02,326
2014-03-03,419
2014-03-04,499
2014-03-05,337
2014-03-06,483
2014-03-07,282
2014-03-08,142
2014-03-09,250
2014-03-10,148
2014-03-11,138
2014-03-12,153
2014-03-13,460
2014-03-14,257
2014-03-15,130
2014-03-16,322
2014-03-17,384
2014-03-18,386
2014-03-19,263
2014-03-20,150
2014-03-21,161
2014-03-22,124
2014-03-23,250
2014-03-24,402
2014-03-25,283
2014-03-26,289
2014-03-27,255
2014-03-28,151
2014-03-29,151
2014-03-30,219
2014-03-31,249
2014-04-01,185
2014-04-02,179
2014-04-03,106
2014-04-04,276
2014-04-05,138
2014-04-06,141
2014-04-07,236
2014-04-08,162
2014-04-09,138
2014-04-10,134
2014-04-11,70
2014-04-12,67
2014-04-13,57
2014-04-14,64
2014-04-15,113
2014-04-16,304
2014-04-17,312
2014-04-18,237
2014-04-19,117
2014-04-20,86
2014-04-21,101
2014-04-22,75
2014-04-23,142
2014-04-24,159
2014-04-25,115
2014-04-26,111
2014-04-27,110
2014-04-28,120
2014-04-29,250
2014-04-30,272
2014-05-01,86
2014-05-02,43
2014-05-03,53
2014-05-04,54
2014-05-05,108
2014-05-06,67
2014-05-07,41
2014-05-08,69
2014-05-09,49
2014-05-10,35
2014-05-11,34
2014-05-12,29
2014-05-13,33
2014-05-14,30
2014-05-15,18
2014-05-16,41
2014-05-17,51
2014-05-18,40
2014-05-19,33
2014-05-20,28
2014-05-21,26
2014-05-22,35
2014-05-23,31
2014-05-24,27
2014-05-25,30
2014-05-26,36
2014-05-27,37
2014-05-28,45
2014-05-29,35
2014-05-30,48
2014-05-31,21
2014-06-01,40
2014-06-02,54
2014-06-03,40
2014-06-04,38
2014-06-05,33
2014-06-06,23
2014-06-07,19
2014-06-08,35
2014-06-09,38
2014-06-10,36
2014-06-11,40
2014-06-12,33
2014-06-13,25
2014-06-14,36
2014-06-15,32
2014-06-16,39
2014-06-17,38
2014-06-18,21
2014-06-19,33
2014-06-20,45
2014-06-21,26
2014-06-22,33
2014-06-23,30
2014-06-24,32
2014-06-25,25
2014-06-26,18
2014-06-27,28
2014-06-28,17
2014-06-29,15
2014-06-30,19
2014-07-01,23
2014-07-02,11
2014-07-03,38
2014-07-04,34
2014-07-05,25
2014-07-06,19
2014-07-07,34
2014-07-08,34
2014-07-09,31
2014-07-10,40
2014-07-11,24
2014-07-12,18
2014-07-13,23
2014-07-14,28
2014-07-15,30
2014-07-16,31
2014-07-17,21
2014-07-18,22
2014-07-19,9
2014-07-20,22
2014-07-21,32
2014-07-22,10
2014-07-23,12
2014-07-24,12
2014-07-25,17
2014-07-26,14
2014-07-27,20
2014-07-28,23
2014-07-29,33
2014-07-30,30
2014-07-31,21
2014-08-01,23
2014-08-02,17
2014-08-03,16
2014-08-04,19
2014-08-05,30
2014-08-06,19
2014-08-07,22
2014-08-08,25
2014-08-09,25
2014-08-10,29
2014-08-11,23
2014-08-12,28
2014-08-13,21
2014-08-14,24
2014-08-15,24
2014-08-16,37
2014-08-17,29
2014-08-18,39
2014-08-19,30
2014-08-20,22
2014-08-21,25
2014-08-22,16
2014-08-23,22
2014-08-24,15
2014-08-25,21
2014-08-26,25
2014-08-27,20
2014-08-28,35
2014-08-29,28
2014-08-30,21
2014-08-31,24
2014-09-01,31
2014-09-02,32
2014-09-03,15
2014-09-04,28
2014-09-05,18
2014-09-06,16
2014-09-07,14
2014-09-08,17
2014-09-09,17
2014-09-10,25
2014-09-11,23
2014-09-12,26
2014-09-13,19
2014-09-14,16
2014-09-15,37
2014-09-16,34
2014-09-17,28
2014-09-18,31
2014-09-19,29
2014-09-20,38
2014-09-21,23
2014-09-22,36
2014-09-23,48
2014-09-24,35
2014-09-25,34
2014-09-26,22
2014-09-27,23
2014-09-28,26
2014-09-29,38
2014-09-30,22
2014-10-01,28
2014-10-02,38
2014-10-03,27
2014-10-04,36
2014-10-05,156
2014-10-06,156
2014-10-07,60
2014-10-08,60
2014-10-09,34
2014-10-10,55
2014-10-11,141
2014-10-12,134
2014-10-13,79
2014-10-14,42
2014-10-15,37
2014-10-16,42
2014-10-17,28
2014-10-18,34
2014-10-19,323
2014-10-20,582
2014-10-21,155
2014-10-22,287
2014-10-23,563
2014-10-24,298
2014-10-25,188
2014-10-26,180
2014-10-27,250
2014-10-28,122
2014-10-29,87
2014-10-30,272
2014-10-31,466
2014-11-01,729
2014-11-02,857
2014-11-03,626
2014-11-04,207
2014-11-05,132
2014-11-06,293
2014-11-07,520
2014-11-08,577
2014-11-09,265
2014-11-10,271
2014-11-11,186
2014-11-12,141
2014-11-13,592
2014-11-14,672
2014-11-15,682
2014-11-16,580
2014-11-17,443
2014-11-18,1138
2014-11-19,1191
2014-11-20,608
2014-11-21,661
2014-11-22,442
2014-11-23,199
2014-11-24,120
2014-11-25,155
2014-11-26,383
2014-11-27,412
2014-11-28,522
2014-11-29,581
2014-11-30,328
2014-12-01,245
2014-12-02,429
2014-12-03,313
2014-12-04,400
2014-12-05,423
2014-12-06,259
2014-12-07,491
2014-12-08,895
2014-12-09,507
2014-12-10,418
2014-12-11,466
2014-12-12,401
2014-12-13,356
2014-12-14,295
2014-12-15,296
2014-12-16,298
2014-12-17,235
2014-12-18,349
2014-12-19,327
2014-12-20,376
2014-12-21,409
2014-12-22,364
2014-12-23,304
2014-12-24,215
2014-12-25,155
2014-12-26,274
2014-12-27,179
2014-12-28,211
2014-12-29,346
2014-12-30,466
2014-12-31,439
2015-01-01,376
2015-01-02,368
2015-01-03,308
2015-01-04,220
2015-01-05,524
2015-01-06,878
2015-01-07,1213
2015-01-08,1689
2015-01-09,828
2015-01-10,754
2015-01-11,511
2015-01-12,376
2015-01-13,521
2015-01-14,591
2015-01-15,353
2015-01-16,338
2015-01-17,539
2015-01-18,271
2015-01-19,290
2015-01-20,310
2015-01-21,388
2015-01-22,348
2015-01-23,301
2015-01-24,306
2015-01-25,251
2015-01-26,666
2015-01-27,594
2015-01-28,543
2015-01-29,473
2015-01-30,335
2015-01-31,793
2015-02-01,438
2015-02-02,572
2015-02-03,722
2015-02-04,405
2015-02-05,440
2015-02-06,656
2015-02-07,350
2015-02-08,335
2015-02-09,507
2015-02-10,410
2015-02-11,440
2015-02-12,373
2015-02-13,800
2015-02-14,530
2015-02-15,993
2015-02-16,1489
2015-02-17,764
2015-02-18,472
2015-02-19,705
2015-02-20,1061
2015-02-21,591
2015-02-22,359
2015-02-23,462
2015-02-24,669
2015-02-25,401
2015-02-26,403
2015-02-27,408
2015-02-28,460
2015-03-01,376
2015-03-02,323
2015-03-03,294
2015-03-04,259
2015-03-05,347
2015-03-06,388
2015-03-07,329
2015-03-08,226
2015-03-09,178
2015-03-10,191
2015-03-11,143
2015-03-12,271
2015-03-13,239
2015-03-14,182
2015-03-15,218
2015-03-16,186
2015-03-17,209
2015-03-18,383
2015-03-19,265
2015-03-20,316
2015-03-21,247
2015-03-22,217
2015-03-23,333
2015-03-24,254
2015-03-25,220
2015-03-26,158
2015-03-27,187
2015-03-28,229
2015-03-29,232
2015-03-30,188
2015-03-31,232
2015-04-01,194
2015-04-02,135
2015-04-03,99
2015-04-04,157
2015-04-05,136
2015-04-06,169
2015-04-07,175
2015-04-08,313
2015-04-09,288
2015-04-10,174
2015-04-11,120
2015-04-12,117
2015-04-13,96
2015-04-14,74
2015-04-15,101
2015-04-16,83
2015-04-17,59
2015-04-18,53
2015-04-19,76
2015-04-20,142
2015-04-21,95
2015-04-22,98
2015-04-23,324
2015-04-24,338
2015-04-25,197
2015-04-26,119
2015-04-27,127
2015-04-28,123
2015-04-29,71
2015-04-30,72
2015-05-01,85
2015-05-02,75
2015-05-03,43
2015-05-04,48
2015-05-05,31
2015-05-06,31
2015-05-07,30
2015-05-08,35
2015-05-09,41
2015-05-10,34
2015-05-11,60
2015-05-12,58
2015-05-13,38
2015-05-14,46
2015-05-15,35
2015-05-16,33
2015-05-17,61
2015-05-18,48
2015-05-19,25
2015-05-20,27
2015-05-21,38
2015-05-22,36
2015-05-23,63
2015-05-24,30
2015-05-25,43
2015-05-26,36
2015-05-27,30
2015-05-28,33
2015-05-29,25
2015-05-30,25
2015-05-31,25
2015-06-01,41
2015-06-02,33
2015-06-03,28
2015-06-04,21
2015-06-05,24
2015-06-06,26
2015-06-07,25
2015-06-08,30
2015-06-09,31
2015-06-10,33
2015-06-11,25
2015-06-12,23
2015-06-13,35
2015-06-14,38
2015-06-15,40
2015-06-16,46
2015-06-17,25
2015-06-18,28
2015-06-19,22
2015-06-20,21
2015-06-21,27
2015-06-22,30
2015-06-23,26
2015-06-24,32
2015-06-25,22
2015-06-26,29
2015-06-27,10
2015-06-28,25
2015-06-29,27
2015-06-30,50
2015-07-01,46
2015-07-02,24
2015-07-03,32
2015-07-04,18
2015-07-05,23
2015-07-06,35
2015-07-07,36
2015-07-08,24
2015-07-09,39
2015-07-10,21
2015-07-11,21
2015-07-12,30
2015-07-13,29
2015-07-14,25
2015-07-15,35
2015-07-16,25
2015-07-17,20
2015-07-18,23
2015-07-19,29
2015-07-20,30
2015-07-21,27
2015-07-22,17
2015-07-23,23
2015-07-24,16
2015-07-25,17
2015-07-26,28
2015-07-27,30
2015-07-28,19
2015-07-29,37
2015-07-30,15
2015-07-31,14
2015-08-01,22
2015-08-02,17
2015-08-03,24
2015-08-04,13
2015-08-05,26
2015-08-06,30
2015-08-07,30
2015-08-08,17
2015-08-09,18
2015-08-10,27
2015-08-11,16
2015-08-12,17
2015-08-13,16
2015-08-14,15
2015-08-15,15
2015-08-16,22
2015-08-17,18
2015-08-18,16
2015-08-19,18
2015-08-20,32
2015-08-21,9
2015-08-22,9
2015-08-23,16
2015-08-24,20
2015-08-25,15
2015-08-26,18
2015-08-27,14
2015-08-28,15
2015-08-29,11
2015-08-30,22
2015-08-31,23
2015-09-01,18
2015-09-02,8
2015-09-03,18
2015-09-04,20
2015-09-05,20
2015-09-06,19
2015-09-07,26
2015-09-08,23
2015-09-09,26
2015-09-10,21
2015-09-11,14
2015-09-12,18
2015-09-13,31
2015-09-14,40
2015-09-15,39
2015-09-16,32
2015-09-17,32
2015-09-18,38
2015-09-19,31
2015-09-20,26
2015-09-21,38
2015-09-22,34
2015-09-23,49
2015-09-24,28
2015-09-25,37
2015-09-26,26
2015-09-27,33
2015-09-28,45
2015-09-29,42
2015-09-30,34
2015-10-01,62
2015-10-02,221
2015-10-03,616
2015-10-04,345
2015-10-05,236
2015-10-06,115
2015-10-07,67
2015-10-08,54
2015-10-09,49
2015-10-10,47
2015-10-11,62
2015-10-12,64
2015-10-13,63
2015-10-14,40
2015-10-15,105
2015-10-16,124
2015-10-17,516
2015-10-18,951
2015-10-19,918
2015-10-20,266
2015-10-21,92
2015-10-22,51
2015-10-23,117
2015-10-24,360
2015-10-25,159
2015-10-26,286
2015-10-27,324
2015-10-28,192
2015-10-29,86
2015-10-30,186
2015-10-31,248
2015-11-01,119
2015-11-02,121
2015-11-03,101
2015-11-04,87
2015-11-05,52
2015-11-06,44
2015-11-07,39
2015-11-08,194
2015-11-09,251
2015-11-10,192
2015-11-11,135
2015-11-12,124
2015-11-13,763
2015-11-14,612
2015-11-15,348
2015-11-16,172
2015-11-17,524
2015-11-18,277
2015-11-19,166
2015-11-20,215
2015-11-21,378
2015-11-22,373
2015-11-23,749
2015-11-24,598
2015-11-25,406
2015-11-26,205
2015-11-27,118
2015-11-28,177
2015-11-29,451
2015-11-30,628
2015-12-01,302
2015-12-02,239
2015-12-03,307
2015-12-04,308
2015-12-05,208
2015-12-06,219
2015-12-07,264
2015-12-08,344
2015-12-09,288
2015-12-10,156
2015-12-11,98
2015-12-12,91
2015-12-13,87
2015-12-14,126
2015-12-15,160
2015-12-16,257
2015-12-17,178
2015-12-18,290
2015-12-19,617
2015-12-20,363
2015-12-21,272
2015-12-22,106
2015-12-23,128
2015-12-24,76
2015-12-25,50
2015-12-26,133
2015-12-27,149
2015-12-28,428
2015-12-29,418
2015-12-30,318
2015-12-31,229
2016-01-01,317
2016-01-02,441
2016-01-03,423
2016-01-04,922
2016-01-05,1563
2016-01-06,710
2016-01-07,384
2016-01-08,294
2016-01-09,239
2016-01-10,220
2016-01-11,482
2016-01-12,483
2016-01-13,858
2016-01-14,619
2016-01-15,297
2016-01-16,186
2016-01-17,267
2016-01-18,751
2016-01-19,1286
2016-01-20,602
2016-01-21,510
2016-01-22,629
2016-01-23,900
2016-01-24,564
2016-01-25,510
2016-01-26,385
2016-01-27,303
2016-01-28,257
2016-01-29,306
2016-01-30,299
2016-01-31,223
2016-02-01,189
2016-02-02,248
2016-02-03,203
2016-02-04,191
2016-02-05,333
2016-02-06,281
2016-02-07,324
2016-02-08,385
2016-02-09,449
2016-02-10,412
2016-02-11,684
2016-02-12,1003
2016-02-13,1252
2016-02-14,1989
2016-02-15,1204
2016-02-16,448
2016-02-17,376
2016-02-18,381
2016-02-19,372
2016-02-20,214
2016-02-21,173
2016-02-22,234
2016-02-23,411
2016-02-24,307
2016-02-25,266
2016-02-26,402
2016-02-27,276
2016-02-28,177
2016-02-29,154
2016-03-01,223
2016-03-02,270
2016-03-03,385
2016-03-04,260
2016-03-05,267
2016-03-06,175
2016-03-07,136
2016-03-08,120
2016-03-09,91
2016-03-10,80
2016-03-11,73
2016-03-12,142
2016-03-13,112
2016-03-14,325
2016-03-15,166
2016-03-16,120
2016-03-17,169
2016-03-18,215
2016-03-19,289
2016-03-20,377
2016-03-21,302
2016-03-22,207
2016-03-23,91
2016-03-24,172
2016-03-25,110
2016-03-26,190
2016-03-27,223
2016-03-28,145
2016-03-29,339
2016-03-30,210
2016-03-31,102
2016-04-01,71
2016-04-02,108
2016-04-03,342
2016-04-04,278
2016-04-05,422
2016-04-06,254
2016-04-07,109
2016-04-08,182
2016-04-09,194
2016-04-10,197
2016-04-11,107
2016-04-12,118
2016-04-13,126
2016-04-14,132
2016-04-15,119
2016-04-16,128
2016-04-17,68
2016-04-18,57
2016-04-19,52
2016-04-20,88
2016-04-21,37
2016-04-22,25
2016-04-23,49
2016-04-24,58
2016-04-25,60
2016-04-26,107
2016-04-27,119
2016-04-28,124
2016-04-29,171
2016-04-30,119
2016-05-01,236
2016-05-02,192
2016-05-03,161
2016-05-04,240
2016-05-05,172
2016-05-06,204
2016-05-07,134
2016-05-08,57
2016-05-09,74
2016-05-10,69
2016-05-11,63
2016-05-12,32
2016-05-13,36
2016-05-14,53
2016-05-15,104
2016-05-16,188
2016-05-17,64
2016-05-18,51
2016-05-19,53
2016-05-20,38
2016-05-21,48
2016-05-22,43
2016-05-23,60
2016-05-24,39
2016-05-25,45
2016-05-26,36
2016-05-27,27
2016-05-28,24
2016-05-29,18
2016-05-30,29
2016-05-31,33
2016-06-01,36
2016-06-02,28
2016-06-03,21
2016-06-04,22
2016-06-05,28
2016-06-06,32
2016-06-07,24
2016-06-08,27
2016-06-09,29
2016-06-10,27
2016-06-11,24
2016-06-12,29
2016-06-13,41
2016-06-14,37
2016-06-15,16
2016-06-16,19
2016-06-17,19
2016-06-18,19
2016-06-19,10
2016-06-20,17
2016-06-21,18
2016-06-22,25
2016-06-23,17
2016-06-24,19
2016-06-25,19
2016-06-26,20
2016-06-27,34
2016-06-28,42
2016-06-29,39
2016-06-30,18
2016-07-01,17
2016-07-02,15
2016-07-03,17
2016-07-04,25
2016-07-05,26
2016-07-06,20
2016-07-07,28
2016-07-08,21
2016-07-09,30
2016-07-10,13
2016-07-11,32
2016-07-12,28
2016-07-13,37
2016-07-14,27
2016-07-15,19
2016-07-16,18
2016-07-17,21
2016-07-18,24
2016-07-19,27
2016-07-20,25
2016-07-21,19
2016-07-22,13
2016-07-23,12
2016-07-24,25
2016-07-25,17
2016-07-26,15
2016-07-27,16
2016-07-28,19
2016-07-29,24
2016-07-30,16
2016-07-31,22
2016-08-01,22
2016-08-02,16
2016-08-03,19
2016-08-04,17
2016-08-05,29
2016-08-06,23
2016-08-07,20
2016-08-08,30
2016-08-09,24
2016-08-10,32
2016-08-11,19
2016-08-12,28
2016-08-13,26
2016-08-14,24
2016-08-15,19
2016-08-16,28
2016-08-17,12
2016-08-18,17
2016-08-19,17
2016-08-20,12
2016-08-21,25
2016-08-22,29
2016-08-23,20
2016-08-24,19
2016-08-25,23
2016-08-26,24
2016-08-27,16
2016-08-28,16
2016-08-29,26
2016-08-30,22
2016-08-31,16
2016-09-01,17
2016-09-02,15
2016-09-03,21
2016-09-04,17
2016-09-05,37
2016-09-06,36
2016-09-07,30
2016-09-08,35
2016-09-09,20
2016-09-10,21
2016-09-11,24
2016-09-12,28
2016-09-13,31
2016-09-14,36
2016-09-15,30
2016-09-16,17
2016-09-17,18
2016-09-18,17
2016-09-19,20
2016-09-20,37
2016-09-21,31
2016-09-22,27
2016-09-23,19
2016-09-24,20
2016-09-25,25
2016-09-26,49
2016-09-27,28
2016-09-28,31
2016-09-29,38
2016-09-30,45
2016-10-01,51
2016-10-02,47
2016-10-03,30
2016-10-04,35
2016-10-05,51
2016-10-06,40
2016-10-07,27
2016-10-08,39
2016-10-09,55
2016-10-10,249
2016-10-11,264
2016-10-12,114
2016-10-13,74
2016-10-14,186
2016-10-15,108
2016-10-16,40
2016-10-17,184
2016-10-18,40
2016-10-19,47
2016-10-20,26
2016-10-21,31
2016-10-22,355
2016-10-23,486
2016-10-24,392
2016-10-25,822
2016-10-26,819
2016-10-27,630
2016-10-28,461
2016-10-29,280
2016-10-30,71
2016-10-31,275
2016-11-01,245
2016-11-02,124
2016-11-03,70
2016-11-04,134
2016-11-05,179
2016-11-06,113
2016-11-07,558
2016-11-08,176
2016-11-09,198
2016-11-10,337
2016-11-11,359
2016-11-12,455
2016-11-13,204
2016-11-14,242
2016-11-15,333
2016-11-16,225
2016-11-17,178
2016-11-18,172
2016-11-19,151
2016-11-20,621
2016-11-21,916
2016-11-22,767
2016-11-23,418
2016-11-24,271
2016-11-25,205
2016-11-26,222
2016-11-27,269
2016-11-28,297
2016-11-29,190
2016-11-30,230
2016-12-01,275
2016-12-02,373
2016-12-03,303
2016-12-04,373
2016-12-05,305
2016-12-06,352
2016-12-07,336
2016-12-08,393
2016-12-09,737
2016-12-10,614
2016-12-11,623
2016-12-12,403
2016-12-13,423
2016-12-14,478
2016-12-15,1118
2016-12-16,1202
2016-12-17,623
2016-12-18,306
2016-12-19,661
2016-12-20,664
2016-12-21,461
2016-12-22,320
2016-12-23,236
2016-12-24,215
2016-12-25,202
2016-12-26,336
2016-12-27,216
2016-12-28,329
2016-12-29,263
2016-12-30,338
2016-12-31,323
2017-01-01,169
2017-01-02,326
2017-01-03,345
2017-01-04,301
2017-01-05,511
2017-01-06,478
2017-01-07,753
2017-01-08,857
2017-01-09,1065
2017-01-10,639
2017-01-11,247
2017-01-12,135
2017-01-13,268
2017-01-14,397
2017-01-15,333
2017-01-16,355
2017-01-17,252
2017-01-18,250
2017-01-19,231
2017-01-20,233
2017-01-21,198
2017-01-22,226
2017-01-23,444
2017-01-24,327
2017-01-25,243
2017-01-26,204
2017-01-27,282
2017-01-28,370
2017-01-29,314
2017-01-30,370
2017-01-31,433
2017-02-01,296
2017-02-02,293
2017-02-03,357
2017-02-04,432
2017-02-05,279
2017-02-06,227
2017-02-07,231
2017-02-08,179
2017-02-09,760
2017-02-10,567
2017-02-11,278
2017-02-12,362
2017-02-13,383
2017-02-14,311
2017-02-15,270
2017-02-16,355
2017-02-17,326
2017-02-18,157
2017-02-19,119
2017-02-20,209
2017-02-21,283
2017-02-22,163
2017-02-23,119
2017-02-24,86
2017-02-25,128
2017-02-26,312
2017-02-27,246
2017-02-28,134
2017-03-01,92
2017-03-02,308
2017-03-03,438
2017-03-04,770
2017-03-05,734
2017-03-06,345
2017-03-07,182
2017-03-08,136
2017-03-09,131
2017-03-10,402
2017-03-11,627
2017-03-12,647
2017-03-13,721
2017-03-14,775
2017-03-15,638
2017-03-16,498
2017-03-17,227
2017-03-18,245
2017-03-19,227
2017-03-20,199
2017-03-21,170
2017-03-22,398
2017-03-23,307
2017-03-24,225
2017-03-25,180
2017-03-26,269
2017-03-27,169
2017-03-28,272
2017-03-29,153
2017-03-30,232
2017-03-31,277
2017-04-01,175
2017-04-02,143
2017-04-03,143
2017-04-04,196
2017-04-05,133
2017-04-06,239
2017-04-07,206
2017-04-08,161
2017-04-09,110
2017-04-10,64
2017-04-11,53
2017-04-12,51
2017-04-13,73
2017-04-14,82
2017-04-15,75
2017-04-16,47
2017-04-17,58
2017-04-18,65
2017-04-19,189
2017-04-20,123
2017-04-21,153
2017-04-22,132
2017-04-23,106
2017-04-24,122
2017-04-25,220
2017-04-26,120
2017-04-27,66
2017-04-28,36
2017-04-29,33
2017-04-30,42
2017-05-01,74
2017-05-02,41
2017-05-03,44
2017-05-04,76
2017-05-05,85
2017-05-06,47
2017-05-07,169
2017-05-08,193
2017-05-09,146
2017-05-10,124
2017-05-11,99
2017-05-12,90
2017-05-13,204
2017-05-14,131
2017-05-15,70
2017-05-16,39
2017-05-17,61
2017-05-18,22
2017-05-19,40
2017-05-20,28
2017-05-21,47
2017-05-22,70
2017-05-23,33
2017-05-24,31
2017-05-25,37
2017-05-26,26
2017-05-27,14
2017-05-28,22
2017-05-29,54
2017-05-30,34
2017-05-31,41
2017-06-01,22
2017-06-02,29
2017-06-03,28
2017-06-04,20
2017-06-05,21
2017-06-06,28
2017-06-07,30
2017-06-08,39
2017-06-09,29
2017-06-10,17
2017-06-11,27
2017-06-12,44
2017-06-13,35
2017-06-14,29
2017-06-15,29
2017-06-16,28
2017-06-17,23
2017-06-18,40
2017-06-19,39
2017-06-20,32
2017-06-21,20
2017-06-22,23
2017-06-23,16
2017-06-24,14
2017-06-25,24
2017-06-26,29
2017-06-27,23
2017-06-28,23
2017-06-29,20
2017-06-30,34
2017-07-01,15
2017-07-02,23
2017-07-03,20
2017-07-04,17
2017-07-05,29
2017-07-06,22
2017-07-07,19
2017-07-08,17
2017-07-09,18
2017-07-10,28
2017-07-11,21
2017-07-12,30
2017-07-13,26
2017-07-14,29
2017-07-15,26
2017-07-16,11
2017-07-17,25
2017-07-18,24
2017-07-19,36
2017-07-20,21
2017-07-21,23
2017-07-22,20
2017-07-23,21
2017-07-24,27
2017-07-25,10
2017-07-26,26
2017-07-27,20
2017-07-28,16
2017-07-29,29
2017-07-30,38
2017-07-31,37
2017-08-01,19
2017-08-02,24
2017-08-03,20
2017-08-04,14
2017-08-05,17
2017-08-06,20
2017-08-07,17
2017-08-08,21
2017-08-09,31
2017-08-10,23
2017-08-11,10
2017-08-12,9
2017-08-13,16
2017-08-14,21
2017-08-15,32
2017-08-16,38
2017-08-17,25
2017-08-18,17
2017-08-19,51
2017-08-20,21
2017-08-21,26
2017-08-22,19
2017-08-23,50
2017-08-24,20
2017-08-25,10
2017-08-26,10
2017-08-27,24
2017-08-28,30
2017-08-29,23
2017-08-30,37
2017-08-31,25
2017-09-01,20
2017-09-02,18
2017-09-03,14
2017-09-04,22
2017-09-05,23
2017-09-06,31
2017-09-07,23
2017-09-08,12
2017-09-09,31
2017-09-10,28
2017-09-11,35
2017-09-12,29
2017-09-13,31
2017-09-14,19
2017-09-15,24
2017-09-16,24
2017-09-17,31
2017-09-18,21
2017-09-19,36
2017-09-20,15
2017-09-21,19
2017-09-22,32
2017-09-23,11
2017-09-24,12
2017-09-25,17
2017-09-26,18
2017-09-27,22
2017-09-28,26
2017-09-29,30
2017-09-30,15
2017-10-01,43
2017-10-02,56
2017-10-03,41
2017-10-04,51
2017-10-05,26
2017-10-06,17
2017-10-07,21
2017-10-08,12
2017-10-09,31
2017-10-10,30
2017-10-11,23
2017-10-12,31
2017-10-13,73
2017-10-14,42
2017-10-15,41
2017-10-16,103
2017-10-17,283
2017-10-18,126
2017-10-19,66
2017-10-20,30
2017-10-21,32
2017-10-22,22
2017-10-23,32
2017-10-24,42
2017-10-25,42
2017-10-26,180
2017-10-27,258
2017-10-28,117
2017-10-29,54
2017-10-30,311
2017-10-31,467
2017-11-01,538
2017-11-02,94
2017-11-03,60
2017-11-04,222
2017-11-05,206
2017-11-06,243
2017-11-07,571
2017-11-08,624
2017-11-09,488
2017-11-10,891
2017-11-11,919
2017-11-12,580
2017-11-13,499
2017-11-14,473
2017-11-15,382
2017-11-16,261
2017-11-17,421
2017-11-18,299
2017-11-19,302
2017-11-20,404
2017-11-21,294
2017-11-22,265
2017-11-23,303
2017-11-24,292
2017-11-25,226
2017-11-26,327
2017-11-27,366
2017-11-28,290
2017-11-29,239
2017-11-30,288
2017-12-01,191
2017-12-02,250
2017-12-03,213
2017-12-04,239
2017-12-05,211
2017-12-06,321
2017-12-07,358
2017-12-08,427
2017-12-09,474
2017-12-10,370
2017-12-11,436
2017-12-12,351
2017-12-13,900
2017-12-14,605
2017-12-15,675
2017-12-16,575
2017-12-17,372
2017-12-18,308
2017-12-19,230
2017-12-20,315
2017-12-21,282
2017-12-22,257
2017-12-23,214
2017-12-24,296
2017-12-25,332
2017-12-26,853
2017-12-27,921
2017-12-28,1568
2017-12-29,1374
2017-12-30,872
2017-12-31,890
2018-01-01,1330
2018-01-02,1304
2018-01-03,953
2018-01-04,1188
2018-01-05,1329
2018-01-06,1525
2018-01-07,1257
2018-01-08,942
2018-01-09,514
2018-01-10,385
2018-01-11,276
2018-01-12,188
2018-01-13,351
2018-01-14,691
2018-01-15,774
2018-01-16,530
2018-01-17,411
2018-01-18,464
2018-01-19,352
2018-01-20,269
2018-01-21,245
2018-01-22,245
2018-01-23,226
2018-01-24,336
2018-01-25,385
2018-01-26,303
2018-01-27,231
2018-01-28,163
2018-01-29,259
2018-01-30,371
2018-01-31,409
2018-02-01,259
2018-02-02,346
2018-02-03,517
2018-02-04,307
2018-02-05,378
2018-02-06,312
2018-02-07,345
2018-02-08,293
2018-02-09,331
2018-02-10,221
2018-02-11,170
2018-02-12,205
2018-02-13,323
2018-02-14,173
2018-02-15,114
2018-02-16,205
2018-02-17,249
2018-02-18,193
2018-02-19,231
2018-02-20,121
2018-02-21,82
2018-02-22,229
2018-02-23,225
2018-02-24,186
2018-02-25,184
2018-02-26,137
2018-02-27,158
2018-02-28,191
2018-03-01,148
2018-03-02,280
2018-03-03,320
2018-03-04,319
2018-03-05,301
2018-03-06,267
2018-03-07,415
2018-03-08,194
2018-03-09,236
2018-03-10,250
2018-03-11,197
2018-03-12,284
2018-03-13,250
2018-03-14,303
2018-03-15,300
2018-03-16,268
2018-03-17,342
2018-03-18,224
2018-03-19,228
2018-03-20,324
2018-03-21,419
2018-03-22,182
2018-03-23,177
2018-03-24,205
2018-03-25,232
2018-03-26,283
2018-03-27,233
2018-03-28,210
2018-03-29,140
2018-03-30,142
2018-03-31,156
2018-04-01,145
2018-04-02,294
2018-04-03,216
2018-04-04,153
2018-04-05,260
2018-04-06,151
2018-04-07,147
2018-04-08,267
2018-04-09,225
2018-04-10,202
2018-04-11,155
2018-04-12,115
2018-04-13,71
2018-04-14,74
2018-04-15,451
2018-04-16,350
2018-04-17,227
2018-04-18,162
2018-04-19,229
2018-04-20,201
2018-04-21,114
2018-04-22,80
2018-04-23,117
2018-04-24,101
2018-04-25,107
2018-04-26,61
2018-04-27,96
2018-04-28,49
2018-04-29,122
2018-04-30,196
2018-05-01,74
2018-05-02,64
2018-05-03,51
2018-05-04,27
2018-05-05,39
2018-05-06,32
2018-05-07,39
2018-05-08,59
2018-05-09,43
2018-05-10,43
2018-05-11,37
2018-05-12,53
2018-05-13,70
2018-05-14,61
2018-05-15,29
2018-05-16,42
2018-05-17,46
2018-05-18,39
2018-05-19,91
2018-05-20,54
2018-05-21,54
2018-05-22,44
2018-05-23,34
2018-05-24,23
2018-05-25,25
2018-05-26,30
2018-05-27,33
2018-05-28,30
2018-05-29,38
2018-05-30,25
2018-05-31,23
2018-06-01,21
2018-06-02,26
2018-06-03,37
2018-06-04,49
2018-06-05,24
2018-06-06,34
2018-06-07,28
2018-06-08,30
2018-06-09,14
2018-06-10,18
2018-06-11,23
2018-06-12,29
2018-06-13,37
2018-06-14,28
2018-06-15,28
2018-06-16,28
2018-06-17,16
2018-06-18,35
2018-06-19,26
2018-06-20,19
2018-06-21,13
2018-06-22,20
2018-06-23,19
2018-06-24,21
2018-06-25,22
2018-06-26,14
2018-06-27,19
2018-06-28,23
2018-06-29,27
2018-06-30,34
2018-07-01,28
2018-07-02,29
2018-07-03,30
2018-07-04,24
2018-07-05,33
2018-07-06,37
2018-07-07,24
2018-07-08,50
2018-07-09,19
2018-07-10,33
2018-07-11,19
2018-07-12,15
2018-07-13,17
2018-07-14,29
2018-07-15,10
2018-07-16,18
2018-07-17,19
2018-07-18,39
2018-07-19,30
2018-07-20,16
2018-07-21,24
2018-07-22,21
2018-07-23,29
2018-07-24,35
2018-07-25,29
2018-07-26,19
2018-07-27,18
2018-07-28,21
2018-07-29,32
2018-07-30,38
2018-07-31,35
2018-08-01,33
2018-08-02,25
2018-08-03,21
2018-08-04,20
2018-08-05,18
2018-08-06,18
2018-08-07,25
2018-08-08,25
2018-08-09,21
2018-08-10,30
2018-08-11,20
2018-08-12,19
2018-08-13,27
2018-08-14,32
2018-08-15,11
2018-08-16,22
2018-08-17,21
2018-08-18,26
2018-08-19,23
2018-08-20,36
2018-08-21,43
2018-08-22,26
2018-08-23,22
2018-08-24,18
2018-08-25,12
2018-08-26,17
2018-08-27,23
2018-08-28,26
2018-08-29,27
2018-08-30,24
2018-08-31,13
2018-09-01,17
2018-09-02,12
2018-09-03,18
2018-09-04,23
2018-09-05,19
2018-09-06,33
2018-09-07,16
2018-09-08,34
2018-09-09,38
2018-09-10,47
2018-09-11,39
2018-09-12,34
2018-09-13,23
2018-09-14,16
2018-09-15,26
2018-09-16,26
2018-09-17,35
2018-09-18,37
2018-09-19,27
2018-09-20,39
2018-09-21,17
2018-09-22,27
2018-09-23,27
2018-09-24,53
2018-09-25,65
2018-09-26,48
2018-09-27,33
2018-09-28,28
2018-09-29,13
2018-09-30,38
2018-10-01,47
2018-10-02,66
2018-10-03,56
2018-10-04,43
2018-10-05,21
2018-10-06,26
2018-10-07,31
2018-10-08,44
2018-10-09,31
2018-10-10,29
2018-10-11,51
2018-10-12,45
2018-10-13,194
2018-10-14,293
2018-10-15,168
2018-10-16,429
2018-10-17,572
2018-10-18,868
2018-10-19,408
2018-10-20,235
2018-10-21,478
2018-10-22,511
2018-10-23,284
2018-10-24,400
2018-10-25,452
2018-10-26,432
2018-10-27,364
2018-10-28,238
2018-10-29,267
2018-10-30,283
2018-10-31,163
2018-11-01,94
2018-11-02,48
2018-11-03,123
2018-11-04,213
2018-11-05,265
2018-11-06,183
2018-11-07,174
2018-11-08,293
2018-11-09,349
2018-11-10,412
2018-11-11,389
2018-11-12,436
2018-11-13,339
2018-11-14,629
2018-11-15,679
2018-11-16,550
2018-11-17,338
2018-11-18,344
2018-11-19,286
2018-11-20,329
2018-11-21,492
2018-11-22,930
2018-11-23,1045
2018-11-24,496
2018-11-25,204
2018-11-26,264
2018-11-27,360
2018-11-28,481
2018-11-29,395
2018-11-30,308
2018-12-01,266
2018-12-02,182
2018-12-03,304
2018-12-04,400
2018-12-05,495
2018-12-06,402
2018-12-07,431
2018-12-08,580
2018-12-09,448
2018-12-10,451
2018-12-11,400
2018-12-12,380
2018-12-13,373
2018-12-14,229
2018-12-15,196
2018-12-16,307
2018-12-17,318
2018-12-18,479
2018-12-19,407
2018-12-20,289
2018-12-21,234
2018-12-22,265
2018-12-23,243
2018-12-24,225
2018-12-25,222
2018-12-26,328
2018-12-27,312
2018-12-28,187
2018-12-29,174
2018-12-30,282
2018-12-31,244
2019-01-01,158
2019-01-02,299
2019-01-03,270
2019-01-04,241
2019-01-05,228
2019-01-06,222
2019-01-07,498
2019-01-08,287
2019-01-09,303
2019-01-10,441
2019-01-11,691
2019-01-12,635
2019-01-13,257
2019-01-14,936
2019-01-15,487
2019-01-16,382
2019-01-17,499
2019-01-18,372
2019-01-19,355
2019-01-20,513
2019-01-21,2021
2019-01-22,1144
2019-01-23,420
2019-01-24,279
2019-01-25,303
2019-01-26,374
2019-01-27,247
2019-01-28,430
2019-01-29,433
2019-01-30,955
2019-01-31,1539
2019-02-01,883
2019-02-02,608
2019-02-03,322
2019-02-04,224
2019-02-05,316
2019-02-06,305
2019-02-07,259
2019-02-08,229
2019-02-09,479
2019-02-10,386
2019-02-11,391
2019-02-12,574
2019-02-13,340
2019-02-14,243
2019-02-15,189
2019-02-16,272
2019-02-17,352
2019-02-18,309
2019-02-19,386
2019-02-20,413
2019-02-21,219
2019-02-22,214
2019-02-23,215
2019-02-24,247
2019-02-25,315
2019-02-26,431
2019-02-27,534
2019-02-28,407
2019-03-01,400
2019-03-02,367
2019-03-03,243
2019-03-04,309
2019-03-05,410
2019-03-06,522
2019-03-07,448
2019-03-08,326
2019-03-09,256
2019-03-10,234
2019-03-11,216
2019-03-12,255
2019-03-13,236
2019-03-14,217
2019-03-15,140
2019-03-16,264
2019-03-17,277
2019-03-18,271
2019-03-19,251
2019-03-20,230
2019-03-21,225
2019-03-22,186
2019-03-23,226
2019-03-24,118
2019-03-25,200
2019-03-26,226
2019-03-27,274
2019-03-28,195
2019-03-29,122
2019-03-30,93
2019-03-31,143
2019-04-01,243
2019-04-02,215
2019-04-03,125
2019-04-04,166
2019-04-05,184
2019-04-06,96
2019-04-07,105
2019-04-08,96
2019-04-09,266
2019-04-10,142
2019-04-11,258
2019-04-12,134
2019-04-13,129
2019-04-14,64
2019-04-15,118
2019-04-16,142
2019-04-17,96
2019-04-18,143
2019-04-19,57
2019-04-20,50
2019-04-21,75
2019-04-22,72
2019-04-23,47
2019-04-24,34
2019-04-25,59
2019-04-26,87
2019-04-27,123
2019-04-28,235
2019-04-29,213
2019-04-30,127
2019-05-01,169
2019-05-02,78
2019-05-03,118
2019-05-04,72
2019-05-05,118
2019-05-06,83
2019-05-07,102
2019-05-08,65
2019-05-09,90
2019-05-10,69
2019-05-11,73
2019-05-12,202
2019-05-13,296
2019-05-14,217
2019-05-15,109
2019-05-16,55
2019-05-17,49
2019-05-18,29
2019-05-19,31
2019-05-20,50
2019-05-21,35
2019-05-22,40
2019-05-23,40
2019-05-24,32
2019-05-25,29
2019-05-26,27
2019-05-27,36
2019-05-28,40
2019-05-29,47
2019-05-30,32
2019-05-31,34
2019-06-01,35
2019-06-02,39
2019-06-03,43
2019-06-04,33
2019-06-05,35
2019-06-06,43
2019-06-07,18
2019-06-08,20
2019-06-09,24
2019-06-10,43
2019-06-11,46
2019-06-12,44
2019-06-13,37
2019-06-14,30
2019-06-15,35
2019-06-16,41
2019-06-17,44
2019-06-18,61
2019-06-19,41
2019-06-20,48
2019-06-21,37
2019-06-22,25
2019-06-23,32
2019-06-24,43
2019-06-25,38
2019-06-26,46
2019-06-27,34
2019-06-28,0
2019-06-29,27
2019-06-30,15
2019-07-01,20
2019-07-02,21
2019-07-03,23
2019-07-04,22
2019-07-05,31
2019-07-06,26
2019-07-07,26
2019-07-08,16
2019-07-09,19
2019-07-10,17
2019-07-11,18
2019-07-12,20
2019-07-13,13
2019-07-14,28
2019-07-15,21
2019-07-16,20
2019-07-17,21
2019-07-18,27
2019-07-19,31
2019-07-20,52
2019-07-21,43
2019-07-22,46
2019-07-23,32
2019-07-24,27
2019-07-25,21
2019-07-26,32
2019-07-27,23
2019-07-28,28
2019-07-29,25
2019-07-30,14
2019-07-31,31
2019-08-01,22
2019-08-02,16
2019-08-03,16
2019-08-04,22
2019-08-05,11
2019-08-06,20
2019-08-07,26
2019-08-08,16
2019-08-09,20
2019-08-10,22
2019-08-11,26
2019-08-12,14
2019-08-13,21
2019-08-14,18
2019-08-15,26
2019-08-16,14
2019-08-17,12
2019-08-18,18
2019-08-19,23
2019-08-20,20
2019-08-21,10
2019-08-22,13
2019-08-23,11
2019-08-24,10
2019-08-25,16
2019-08-26,25
2019-08-27,20
2019-08-28,38
2019-08-29,34
2019-08-30,18
2019-08-31,21
2019-09-01,18
2019-09-02,27
2019-09-03,18
2019-09-04,27
2019-09-05,19
2019-09-06,33
2019-09-07,25
2019-09-08,34
2019-09-09,35
2019-09-10,23
2019-09-11,25
2019-09-12,17
2019-09-13,9
2019-09-14,19
2019-09-15,29
2019-09-16,23
2019-09-17,44
2019-09-18,26
2019-09-19,24
2019-09-20,18
2019-09-21,20
2019-09-22,19
2019-09-23,34
2019-09-24,24
2019-09-25,16
2019-09-26,18
2019-09-27,19
2019-09-28,17
2019-09-29,32
2019-09-30,36
2019-10-01,35
2019-10-02,26
2019-10-03,43
2019-10-04,49
2019-10-05,204
2019-10-06,66
2019-10-07,40
2019-10-08,54
2019-10-09,166
2019-10-10,132
2019-10-11,131
2019-10-12,91
2019-10-13,54
2019-10-14,63
2019-10-15,116
2019-10-16,89
2019-10-17,366
2019-10-18,440
2019-10-19,337
2019-10-20,247
2019-10-21,201
2019-10-22,152
2019-10-23,113
2019-10-24,149
2019-10-25,107
2019-10-26,93
2019-10-27,133
2019-10-28,124
2019-10-29,169
2019-10-30,112
2019-10-31,68
2019-11-01,339
2019-11-02,475
2019-11-03,412
2019-11-04,415
2019-11-05,250
2019-11-06,347
2019-11-07,347
2019-11-08,726
2019-11-09,688
2019-11-10,352
2019-11-11,200
2019-11-12,710
2019-11-13,918
2019-11-14,519
2019-11-15,288
2019-11-16,503
2019-11-17,536
2019-11-18,356
2019-11-19,331
2019-11-20,284
2019-11-21,270
2019-11-22,284
2019-11-23,333
2019-11-24,290
2019-11-25,256
2019-11-26,192
2019-11-27,145
2019-11-28,260
2019-11-29,444
2019-11-30,415
2019-12-01,536
2019-12-02,482
2019-12-03,491
2019-12-04,393
2019-12-05,377
2019-12-06,286
2019-12-07,353
2019-12-08,344
2019-12-09,200
2019-12-10,173
2019-12-11,323
2019-12-12,412
2019-12-13,246
2019-12-14,192
2019-12-15,287
2019-12-16,366
2019-12-17,414
2019-12-18,416
2019-12-19,971
2019-12-20,540
2019-12-21,533
2019-12-22,264
2019-12-23,209
2019-12-24,223
2019-12-25,235
2019-12-26,260
2019-12-27,185
2019-12-28,162
2019-12-29,180
2019-12-30,295
2019-12-31,218
2020-01-01,230
2020-01-02,217
2020-01-03,179
2020-01-04,186
2020-01-05,271
2020-01-06,292
2020-01-07,242
2020-01-08,405
2020-01-09,471
2020-01-10,198
2020-01-11,121
2020-01-12,120
2020-01-13,235
2020-01-14,213
2020-01-15,175
2020-01-16,257
2020-01-17,506
2020-01-18,617
2020-01-19,289
2020-01-20,568
2020-01-21,540
2020-01-22,392
2020-01-23,275
2020-01-24,226
2020-01-25,236
2020-01-26,173
2020-01-27,209
2020-01-28,230
2020-01-29,340
2020-01-30,385
2020-01-31,238
2020-02-01,169
2020-02-02,167
