date,diff_1
2011-01-02,0.0
2011-01-03,0.0
2011-01-04,0.0
2011-01-05,0.0
2011-01-06,0.0
2011-01-07,1.0
2011-01-08,-1.0
2011-01-09,0.0
2011-01-10,0.0
2011-01-11,0.0
2011-01-12,0.0
2011-01-13,1.0
2011-01-14,-1.0
2011-01-15,0.0
2011-01-16,0.0
2011-01-17,0.0
2011-01-18,0.0
2011-01-19,0.0
2011-01-20,0.0
2011-01-21,0.0
2011-01-22,0.0
2011-01-23,0.0
2011-01-24,0.0
2011-01-25,0.0
2011-01-26,0.0
2011-01-27,1.0
2011-01-28,-1.0
2011-01-29,0.0
2011-01-30,0.0
2011-01-31,0.0
2011-02-01,0.0
2011-02-02,0.0
2011-02-03,0.0
2011-02-04,0.0
2011-02-05,0.0
2011-02-06,0.0
2011-02-07,0.0
2011-02-08,0.0
2011-02-09,0.0
2011-02-10,0.0
2011-02-11,0.0
2011-02-12,0.0
2011-02-13,0.0
2011-02-14,0.0
2011-02-15,0.0
2011-02-16,0.0
2011-02-17,0.0
2011-02-18,0.0
2011-02-19,0.0
2011-02-20,0.0
2011-02-21,0.0
2011-02-22,0.0
2011-02-23,0.0
2011-02-24,0.0
2011-02-25,0.0
2011-02-26,0.0
2011-02-27,0.0
2011-02-28,0.0
2011-03-01,0.0
2011-03-02,0.0
2011-03-03,0.0
2011-03-04,0.0
2011-03-05,0.0
2011-03-06,7.0
2011-03-07,175.0
2011-03-08,18.0
2011-03-09,41.0
2011-03-10,-29.0
2011-03-11,-100.0
2011-03-12,29.0
2011-03-13,13.0
2011-03-14,69.0
2011-03-15,13.0
2011-03-16,-96.0
2011-03-17,-22.0
2011-03-18,-50.0
2011-03-19,68.0
2011-03-20,58.0
2011-03-21,57.0
2011-03-22,-38.0
2011-03-23,22.0
2011-03-24,29.0
2011-03-25,-62.0
2011-03-26,83.0
2011-03-27,-39.0
2011-03-28,128.0
2011-03-29,-91.0
2011-03-30,-102.0
2011-03-31,22.0
2011-04-01,-24.0
2011-04-02,-58.0
2011-04-03,-20.0
2011-04-04,23.0
2011-04-05,35.0
2011-04-06,-11.0
2011-04-07,6.0
2011-04-08,-1.0
2011-04-09,-38.0
2011-04-10,10.0
2011-04-11,-51.0
2011-04-12,16.0
2011-04-13,140.0
2011-04-14,-162.0
2011-04-15,31.0
2011-04-16,144.0
2011-04-17,-158.0
2011-04-18,25.0
2011-04-19,12.0
2011-04-20,8.0
2011-04-21,-21.0
2011-04-22,90.0
2011-04-23,-52.0
2011-04-24,-106.0
2011-04-25,-2.0
2011-04-26,-3.0
2011-04-27,-1.0
2011-04-28,0.0
2011-04-29,-10.0
2011-04-30,18.0
2011-05-01,22.0
2011-05-02,8.0
2011-05-03,-23.0
2011-05-04,36.0
2011-05-05,-4.0
2011-05-06,-32.0
2011-05-07,-2.0
2011-05-08,-14.0
2011-05-09,8.0
2011-05-10,-7.0
2011-05-11,26.0
2011-05-12,-35.0
2011-05-13,5.0
2011-05-14,-10.0
2011-05-15,1.0
2011-05-16,31.0
2011-05-17,22.0
2011-05-18,-18.0
2011-05-19,-22.0
2011-05-20,-11.0
2011-05-21,-2.0
2011-05-22,-1.0
2011-05-23,17.0
2011-05-24,-21.0
2011-05-25,-6.0
2011-05-26,4.0
2011-05-27,7.0
2011-05-28,6.0
2011-05-29,-6.0
2011-05-30,4.0
2011-05-31,-1.0
2011-06-01,17.0
2011-06-02,-19.0
2011-06-03,-4.0
2011-06-04,-6.0
2011-06-05,11.0
2011-06-06,-9.0
2011-06-07,-3.0
2011-06-08,6.0
2011-06-09,12.0
2011-06-10,-2.0
2011-06-11,-8.0
2011-06-12,0.0
2011-06-13,-6.0
2011-06-14,1.0
2011-06-15,3.0
2011-06-16,3.0
2011-06-17,-5.0
2011-06-18,4.0
2011-06-19,-3.0
2011-06-20,13.0
2011-06-21,-5.0
2011-06-22,2.0
2011-06-23,-14.0
2011-06-24,-5.0
2011-06-25,0.0
2011-06-26,5.0
2011-06-27,1.0
2011-06-28,-2.0
2011-06-29,2.0
2011-06-30,-1.0
2011-07-01,0.0
2011-07-02,3.0
2011-07-03,2.0
2011-07-04,-3.0
2011-07-05,5.0
2011-07-06,-5.0
2011-07-07,19.0
2011-07-08,-16.0
2011-07-09,-5.0
2011-07-10,8.0
2011-07-11,0.0
2011-07-12,10.0
2011-07-13,-16.0
2011-07-14,-5.0
2011-07-15,14.0
2011-07-16,-10.0
2011-07-17,3.0
2011-07-18,-7.0
2011-07-19,20.0
2011-07-20,-14.0
2011-07-21,-4.0
2011-07-22,13.0
2011-07-23,-11.0
2011-07-24,5.0
2011-07-25,2.0
2011-07-26,-8.0
2011-07-27,4.0
2011-07-28,6.0
2011-07-29,-11.0
2011-07-30,7.0
2011-07-31,-1.0
2011-08-01,1.0
2011-08-02,9.0
2011-08-03,-12.0
2011-08-04,1.0
2011-08-05,-11.0
2011-08-06,5.0
2011-08-07,-2.0
2011-08-08,6.0
2011-08-09,1.0
2011-08-10,-1.0
2011-08-11,-5.0
2011-08-12,4.0
2011-08-13,-4.0
2011-08-14,7.0
2011-08-15,13.0
2011-08-16,-8.0
2011-08-17,-10.0
2011-08-18,0.0
2011-08-19,10.0
2011-08-20,-11.0
2011-08-21,8.0
2011-08-22,24.0
2011-08-23,-27.0
2011-08-24,-1.0
2011-08-25,-4.0
2011-08-26,-4.0
2011-08-27,-2.0
2011-08-28,-2.0
2011-08-29,14.0
2011-08-30,4.0
2011-08-31,-8.0
2011-09-01,1.0
2011-09-02,4.0
2011-09-03,-10.0
2011-09-04,10.0
2011-09-05,0.0
2011-09-06,2.0
2011-09-07,2.0
2011-09-08,11.0
2011-09-09,-18.0
2011-09-10,-2.0
2011-09-11,18.0
2011-09-12,-4.0
2011-09-13,-3.0
2011-09-14,7.0
2011-09-15,-13.0
2011-09-16,11.0
2011-09-17,-1.0
2011-09-18,4.0
2011-09-19,6.0
2011-09-20,-3.0
2011-09-21,-9.0
2011-09-22,3.0
2011-09-23,-11.0
2011-09-24,-18.0
2011-09-25,37.0
2011-09-26,-12.0
2011-09-27,-11.0
2011-09-28,10.0
2011-09-29,-8.0
2011-09-30,-3.0
2011-10-01,8.0
2011-10-02,11.0
2011-10-03,86.0
2011-10-04,24.0
2011-10-05,-93.0
2011-10-06,36.0
2011-10-07,-19.0
2011-10-08,-25.0
2011-10-09,-15.0
2011-10-10,4.0
2011-10-11,-2.0
2011-10-12,-2.0
2011-10-13,15.0
2011-10-14,-23.0
2011-10-15,29.0
2011-10-16,12.0
2011-10-17,6.0
2011-10-18,6.0
2011-10-19,-7.0
2011-10-20,-17.0
2011-10-21,143.0
2011-10-22,33.0
2011-10-23,-24.0
2011-10-24,65.0
2011-10-25,3.0
2011-10-26,-26.0
2011-10-27,364.0
2011-10-28,259.0
2011-10-29,-156.0
2011-10-30,-26.0
2011-10-31,-47.0
2011-11-01,-252.0
2011-11-02,-53.0
2011-11-03,-108.0
2011-11-04,143.0
2011-11-05,48.0
2011-11-06,-156.0
2011-11-07,-83.0
2011-11-08,-59.0
2011-11-09,-17.0
2011-11-10,-38.0
2011-11-11,406.0
2011-11-12,-117.0
2011-11-13,-134.0
2011-11-14,-49.0
2011-11-15,-81.0
2011-11-16,19.0
2011-11-17,380.0
2011-11-18,68.0
2011-11-19,-193.0
2011-11-20,-171.0
2011-11-21,62.0
2011-11-22,56.0
2011-11-23,-32.0
2011-11-24,-30.0
2011-11-25,-95.0
2011-11-26,-48.0
2011-11-27,30.0
2011-11-28,-38.0
2011-11-29,13.0
2011-11-30,248.0
2011-12-01,41.0
2011-12-02,-82.0
2011-12-03,78.0
2011-12-04,-146.0
2011-12-05,-18.0
2011-12-06,-77.0
2011-12-07,36.0
2011-12-08,281.0
2011-12-09,-156.0
2011-12-10,72.0
2011-12-11,127.0
2011-12-12,45.0
2011-12-13,-50.0
2011-12-14,-198.0
2011-12-15,-83.0
2011-12-16,55.0
2011-12-17,49.0
2011-12-18,345.0
2011-12-19,-69.0
2011-12-20,-283.0
2011-12-21,-118.0
2011-12-22,-44.0
2011-12-23,55.0
2011-12-24,132.0
2011-12-25,-70.0
2011-12-26,70.0
2011-12-27,-57.0
2011-12-28,97.0
2011-12-29,196.0
2011-12-30,-357.0
2011-12-31,-89.0
2012-01-01,-23.0
2012-01-02,229.0
2012-01-03,549.0
2012-01-04,245.0
2012-01-05,-556.0
2012-01-06,-309.0
2012-01-07,-127.0
2012-01-08,85.0
2012-01-09,100.0
2012-01-10,-42.0
2012-01-11,7.0
2012-01-12,20.0
2012-01-13,107.0
2012-01-14,120.0
2012-01-15,169.0
2012-01-16,173.0
2012-01-17,-479.0
2012-01-18,-10.0
2012-01-19,119.0
2012-01-20,-59.0
2012-01-21,105.0
2012-01-22,-12.0
2012-01-23,-167.0
2012-01-24,-181.0
2012-01-25,45.0
2012-01-26,4.0
2012-01-27,-39.0
2012-01-28,-14.0
2012-01-29,64.0
2012-01-30,99.0
2012-01-31,-151.0
2012-02-01,-70.0
2012-02-02,59.0
2012-02-03,53.0
2012-02-04,-28.0
2012-02-05,29.0
2012-02-06,0.0
2012-02-07,9.0
2012-02-08,87.0
2012-02-09,-66.0
2012-02-10,-52.0
2012-02-11,59.0
2012-02-12,147.0
2012-02-13,16.0
2012-02-14,-199.0
2012-02-15,-45.0
2012-02-16,42.0
2012-02-17,-59.0
2012-02-18,-21.0
2012-02-19,27.0
2012-02-20,84.0
2012-02-21,-35.0
2012-02-22,-102.0
2012-02-23,-13.0
2012-02-24,71.0
2012-02-25,96.0
2012-02-26,17.0
2012-02-27,-127.0
2012-02-28,64.0
2012-02-29,13.0
2012-03-01,-5.0
2012-03-02,-1.0
2012-03-03,-95.0
2012-03-04,55.0
2012-03-05,116.0
2012-03-06,43.0
2012-03-07,-220.0
2012-03-08,-56.0
2012-03-09,56.0
2012-03-10,142.0
2012-03-11,-130.0
2012-03-12,-57.0
2012-03-13,-39.0
2012-03-14,13.0
2012-03-15,76.0
2012-03-16,6.0
2012-03-17,-61.0
2012-03-18,-1.0
2012-03-19,-34.0
2012-03-20,10.0
2012-03-21,-19.0
2012-03-22,-13.0
2012-03-23,7.0
2012-03-24,-20.0
2012-03-25,101.0
2012-03-26,142.0
2012-03-27,50.0
2012-03-28,-218.0
2012-03-29,28.0
2012-03-30,16.0
2012-03-31,101.0
2012-04-01,-91.0
2012-04-02,37.0
2012-04-03,-58.0
2012-04-04,-77.0
2012-04-05,50.0
2012-04-06,50.0
2012-04-07,-16.0
2012-04-08,-65.0
2012-04-09,21.0
2012-04-10,-9.0
2012-04-11,66.0
2012-04-12,-49.0
2012-04-13,-43.0
2012-04-14,-19.0
2012-04-15,-22.0
2012-04-16,-5.0
2012-04-17,15.0
2012-04-18,4.0
2012-04-19,-8.0
2012-04-20,-7.0
2012-04-21,10.0
2012-04-22,48.0
2012-04-23,59.0
2012-04-24,65.0
2012-04-25,-75.0
2012-04-26,13.0
2012-04-27,88.0
2012-04-28,-41.0
2012-04-29,-108.0
2012-04-30,31.0
2012-05-01,-44.0
2012-05-02,54.0
2012-05-03,-58.0
2012-05-04,-34.0
2012-05-05,-4.0
2012-05-06,6.0
2012-05-07,14.0
2012-05-08,-7.0
2012-05-09,-7.0
2012-05-10,-5.0
2012-05-11,13.0
2012-05-12,-14.0
2012-05-13,-9.0
2012-05-14,10.0
2012-05-15,5.0
2012-05-16,-12.0
2012-05-17,3.0
2012-05-18,-10.0
2012-05-19,19.0
2012-05-20,-12.0
2012-05-21,30.0
2012-05-22,-29.0
2012-05-23,-9.0
2012-05-24,8.0
2012-05-25,-6.0
2012-05-26,3.0
2012-05-27,-2.0
2012-05-28,18.0
2012-05-29,-12.0
2012-05-30,-9.0
2012-05-31,3.0
2012-06-01,-9.0
2012-06-02,8.0
2012-06-03,-5.0
2012-06-04,7.0
2012-06-05,6.0
2012-06-06,1.0
2012-06-07,-14.0
2012-06-08,-7.0
2012-06-09,4.0
2012-06-10,2.0
2012-06-11,19.0
2012-06-12,-8.0
2012-06-13,-10.0
2012-06-14,6.0
2012-06-15,-3.0
2012-06-16,5.0
2012-06-17,1.0
2012-06-18,6.0
2012-06-19,2.0
2012-06-20,-10.0
2012-06-21,1.0
2012-06-22,-6.0
2012-06-23,4.0
2012-06-24,0.0
2012-06-25,-1.0
2012-06-26,0.0
2012-06-27,-5.0
2012-06-28,-4.0
2012-06-29,11.0
2012-06-30,2.0
2012-07-01,2.0
2012-07-02,8.0
2012-07-03,-16.0
2012-07-04,-1.0
2012-07-05,9.0
2012-07-06,0.0
2012-07-07,-2.0
2012-07-08,2.0
2012-07-09,-3.0
2012-07-10,2.0
2012-07-11,-9.0
2012-07-12,7.0
2012-07-13,-8.0
2012-07-14,-9.0
2012-07-15,14.0
2012-07-16,0.0
2012-07-17,2.0
2012-07-18,-3.0
2012-07-19,-3.0
2012-07-20,-5.0
2012-07-21,6.0
2012-07-22,-3.0
2012-07-23,1.0
2012-07-24,10.0
2012-07-25,-7.0
2012-07-26,-3.0
2012-07-27,7.0
2012-07-28,-1.0
2012-07-29,-3.0
2012-07-30,6.0
2012-07-31,0.0
2012-08-01,-3.0
2012-08-02,-10.0
2012-08-03,12.0
2012-08-04,-11.0
2012-08-05,6.0
2012-08-06,3.0
2012-08-07,-2.0
2012-08-08,7.0
2012-08-09,-3.0
2012-08-10,-12.0
2012-08-11,5.0
2012-08-12,3.0
2012-08-13,11.0
2012-08-14,0.0
2012-08-15,-10.0
2012-08-16,7.0
2012-08-17,-17.0
2012-08-18,7.0
2012-08-19,2.0
2012-08-20,15.0
2012-08-21,-7.0
2012-08-22,-2.0
2012-08-23,-15.0
2012-08-24,22.0
2012-08-25,-6.0
2012-08-26,-1.0
2012-08-27,-4.0
2012-08-28,4.0
2012-08-29,-6.0
2012-08-30,-3.0
2012-08-31,0.0
2012-09-01,-7.0
2012-09-02,1.0
2012-09-03,15.0
2012-09-04,4.0
2012-09-05,-9.0
2012-09-06,2.0
2012-09-07,-1.0
2012-09-08,-2.0
2012-09-09,3.0
2012-09-10,12.0
2012-09-11,-4.0
2012-09-12,-8.0
2012-09-13,-1.0
2012-09-14,-6.0
2012-09-15,-10.0
2012-09-16,7.0
2012-09-17,1.0
2012-09-18,8.0
2012-09-19,5.0
2012-09-20,-5.0
2012-09-21,-2.0
2012-09-22,-5.0
2012-09-23,6.0
2012-09-24,12.0
2012-09-25,-3.0
2012-09-26,0.0
2012-09-27,-13.0
2012-09-28,-1.0
2012-09-29,-3.0
2012-09-30,20.0
2012-10-01,7.0
2012-10-02,-13.0
2012-10-03,2.0
2012-10-04,0.0
2012-10-05,-11.0
2012-10-06,6.0
2012-10-07,62.0
2012-10-08,131.0
2012-10-09,-5.0
2012-10-10,-66.0
2012-10-11,102.0
2012-10-12,164.0
2012-10-13,84.0
2012-10-14,-378.0
2012-10-15,-38.0
2012-10-16,60.0
2012-10-17,48.0
2012-10-18,-67.0
2012-10-19,-62.0
2012-10-20,-14.0
2012-10-21,19.0
2012-10-22,53.0
2012-10-23,-51.0
2012-10-24,37.0
2012-10-25,-3.0
2012-10-26,-36.0
2012-10-27,-27.0
2012-10-28,5.0
2012-10-29,-29.0
2012-10-30,-12.0
2012-10-31,114.0
2012-11-01,249.0
2012-11-02,294.0
2012-11-03,-150.0
2012-11-04,3.0
2012-11-05,235.0
2012-11-06,-66.0
2012-11-07,319.0
2012-11-08,-421.0
2012-11-09,-185.0
2012-11-10,-159.0
2012-11-11,-118.0
2012-11-12,-7.0
2012-11-13,136.0
2012-11-14,179.0
2012-11-15,-32.0
2012-11-16,-33.0
2012-11-17,-113.0
2012-11-18,37.0
2012-11-19,10.0
2012-11-20,-28.0
2012-11-21,-56.0
2012-11-22,-75.0
2012-11-23,15.0
2012-11-24,232.0
2012-11-25,135.0
2012-11-26,-142.0
2012-11-27,91.0
2012-11-28,-36.0
2012-11-29,12.0
2012-11-30,-119.0
2012-12-01,8.0
2012-12-02,-153.0
2012-12-03,-59.0
2012-12-04,-6.0
2012-12-05,136.0
2012-12-06,178.0
2012-12-07,-102.0
2012-12-08,-153.0
2012-12-09,3.0
2012-12-10,-29.0
2012-12-11,73.0
2012-12-12,74.0
2012-12-13,54.0
2012-12-14,-87.0
2012-12-15,9.0
2012-12-16,-21.0
2012-12-17,38.0
2012-12-18,-60.0
2012-12-19,36.0
2012-12-20,7.0
2012-12-21,0.0
2012-12-22,197.0
2012-12-23,-114.0
2012-12-24,-85.0
2012-12-25,-26.0
2012-12-26,398.0
2012-12-27,-128.0
2012-12-28,-81.0
2012-12-29,-57.0
2012-12-30,144.0
2012-12-31,-131.0
2013-01-01,-59.0
2013-01-02,250.0
2013-01-03,18.0
2013-01-04,-166.0
2013-01-05,-93.0
2013-01-06,-74.0
2013-01-07,28.0
2013-01-08,-24.0
2013-01-09,-83.0
2013-01-10,30.0
2013-01-11,17.0
2013-01-12,-79.0
2013-01-13,20.0
2013-01-14,-19.0
2013-01-15,157.0
2013-01-16,46.0
2013-01-17,-143.0
2013-01-18,322.0
2013-01-19,-149.0
2013-01-20,-275.0
2013-01-21,561.0
2013-01-22,240.0
2013-01-23,-142.0
2013-01-24,995.0
2013-01-25,-798.0
2013-01-26,-299.0
2013-01-27,-171.0
2013-01-28,1.0
2013-01-29,-232.0
2013-01-30,-58.0
2013-01-31,73.0
2013-02-01,123.0
2013-02-02,91.0
2013-02-03,-23.0
2013-02-04,80.0
2013-02-05,-107.0
2013-02-06,-81.0
2013-02-07,78.0
2013-02-08,59.0
2013-02-09,-78.0
2013-02-10,-55.0
2013-02-11,-42.0
2013-02-12,-86.0
2013-02-13,-22.0
2013-02-14,18.0
2013-02-15,-59.0
2013-02-16,113.0
2013-02-17,190.0
2013-02-18,175.0
2013-02-19,-351.0
2013-02-20,-13.0
2013-02-21,313.0
2013-02-22,-296.0
2013-02-23,-82.0
2013-02-24,-12.0
2013-02-25,44.0
2013-02-26,-10.0
2013-02-27,100.0
2013-02-28,-172.0
2013-03-01,23.0
2013-03-02,-12.0
2013-03-03,51.0
2013-03-04,105.0
2013-03-05,-98.0
2013-03-06,113.0
2013-03-07,-84.0
2013-03-08,5.0
2013-03-09,-112.0
2013-03-10,-18.0
2013-03-11,13.0
2013-03-12,6.0
2013-03-13,-13.0
2013-03-14,146.0
2013-03-15,-47.0
2013-03-16,0.0
2013-03-17,-18.0
2013-03-18,143.0
2013-03-19,-68.0
2013-03-20,-93.0
2013-03-21,38.0
2013-03-22,-1.0
2013-03-23,-39.0
2013-03-24,-49.0
2013-03-25,93.0
2013-03-26,-108.0
2013-03-27,2.0
2013-03-28,26.0
2013-03-29,-67.0
2013-03-30,-23.0
2013-03-31,15.0
2013-04-01,60.0
2013-04-02,128.0
2013-04-03,-23.0
2013-04-04,-40.0
2013-04-05,-125.0
2013-04-06,55.0
2013-04-07,-39.0
2013-04-08,-26.0
2013-04-09,-9.0
2013-04-10,-22.0
2013-04-11,-13.0
2013-04-12,180.0
2013-04-13,-101.0
2013-04-14,-44.0
2013-04-15,55.0
2013-04-16,-55.0
2013-04-17,-14.0
2013-04-18,-1.0
2013-04-19,-25.0
2013-04-20,19.0
2013-04-21,102.0
2013-04-22,55.0
2013-04-23,67.0
2013-04-24,-183.0
2013-04-25,-26.0
2013-04-26,-41.0
2013-04-27,24.0
2013-04-28,2.0
2013-04-29,12.0
2013-04-30,-17.0
2013-05-01,-13.0
2013-05-02,12.0
2013-05-03,-20.0
2013-05-04,-1.0
2013-05-05,37.0
2013-05-06,-7.0
2013-05-07,-18.0
2013-05-08,-9.0
2013-05-09,3.0
2013-05-10,-25.0
2013-05-11,30.0
2013-05-12,-9.0
2013-05-13,59.0
2013-05-14,18.0
2013-05-15,-70.0
2013-05-16,-4.0
2013-05-17,-19.0
2013-05-18,14.0
2013-05-19,9.0
2013-05-20,-3.0
2013-05-21,1.0
2013-05-22,0.0
2013-05-23,-8.0
2013-05-24,6.0
2013-05-25,77.0
2013-05-26,-47.0
2013-05-27,-28.0
2013-05-28,6.0
2013-05-29,-7.0
2013-05-30,-20.0
2013-05-31,-3.0
2013-06-01,19.0
2013-06-02,-4.0
2013-06-03,1.0
2013-06-04,-11.0
2013-06-05,1.0
2013-06-06,-7.0
2013-06-07,-3.0
2013-06-08,9.0
2013-06-09,6.0
2013-06-10,4.0
2013-06-11,-15.0
2013-06-12,18.0
2013-06-13,-7.0
2013-06-14,0.0
2013-06-15,-1.0
2013-06-16,-3.0
2013-06-17,11.0
2013-06-18,-5.0
2013-06-19,3.0
2013-06-20,1.0
2013-06-21,-7.0
2013-06-22,-9.0
2013-06-23,8.0
2013-06-24,-1.0
2013-06-25,-2.0
2013-06-26,9.0
2013-06-27,-7.0
2013-06-28,1.0
2013-06-29,-20.0
2013-06-30,9.0
2013-07-01,1.0
2013-07-02,-3.0
2013-07-03,-4.0
2013-07-04,1.0
2013-07-05,3.0
2013-07-06,-2.0
2013-07-07,6.0
2013-07-08,-1.0
2013-07-09,4.0
2013-07-10,-7.0
2013-07-11,10.0
2013-07-12,-8.0
2013-07-13,-6.0
2013-07-14,8.0
2013-07-15,1.0
2013-07-16,-2.0
2013-07-17,4.0
2013-07-18,3.0
2013-07-19,-11.0
2013-07-20,-1.0
2013-07-21,9.0
2013-07-22,-1.0
2013-07-23,1.0
2013-07-24,6.0
2013-07-25,-7.0
2013-07-26,-2.0
2013-07-27,-7.0
2013-07-28,1.0
2013-07-29,15.0
2013-07-30,0.0
2013-07-31,-10.0
2013-08-01,-3.0
2013-08-02,-1.0
2013-08-03,6.0
2013-08-04,-11.0
2013-08-05,12.0
2013-08-06,-1.0
2013-08-07,-8.0
2013-08-08,10.0
2013-08-09,-5.0
2013-08-10,-5.0
2013-08-11,9.0
2013-08-12,5.0
2013-08-13,-3.0
2013-08-14,-12.0
2013-08-15,9.0
2013-08-16,-5.0
2013-08-17,-3.0
2013-08-18,2.0
2013-08-19,15.0
2013-08-20,-6.0
2013-08-21,-7.0
2013-08-22,10.0
2013-08-23,-5.0
2013-08-24,-7.0
2013-08-25,3.0
2013-08-26,3.0
2013-08-27,1.0
2013-08-28,-7.0
2013-08-29,11.0
2013-08-30,-1.0
2013-08-31,-16.0
2013-09-01,1.0
2013-09-02,10.0
2013-09-03,3.0
2013-09-04,-5.0
2013-09-05,2.0
2013-09-06,8.0
2013-09-07,-6.0
2013-09-08,7.0
2013-09-09,-4.0
2013-09-10,8.0
2013-09-11,-11.0
2013-09-12,-10.0
2013-09-13,13.0
2013-09-14,-10.0
2013-09-15,12.0
2013-09-16,34.0
2013-09-17,-19.0
2013-09-18,-12.0
2013-09-19,-15.0
2013-09-20,29.0
2013-09-21,-15.0
2013-09-22,-9.0
2013-09-23,15.0
2013-09-24,4.0
2013-09-25,-1.0
2013-09-26,-14.0
2013-09-27,0.0
2013-09-28,2.0
2013-09-29,-1.0
2013-09-30,4.0
2013-10-01,1.0
2013-10-02,1.0
2013-10-03,7.0
2013-10-04,-15.0
2013-10-05,-2.0
2013-10-06,6.0
2013-10-07,2.0
2013-10-08,8.0
2013-10-09,14.0
2013-10-10,27.0
2013-10-11,-44.0
2013-10-12,1.0
2013-10-13,0.0
2013-10-14,27.0
2013-10-15,-16.0
2013-10-16,1.0
2013-10-17,-20.0
2013-10-18,-8.0
2013-10-19,10.0
2013-10-20,53.0
2013-10-21,44.0
2013-10-22,-33.0
2013-10-23,275.0
2013-10-24,390.0
2013-10-25,-101.0
2013-10-26,-279.0
2013-10-27,-136.0
2013-10-28,16.0
2013-10-29,59.0
2013-10-30,-83.0
2013-10-31,-115.0
2013-11-01,-81.0
2013-11-02,7.0
2013-11-03,298.0
2013-11-04,211.0
2013-11-05,-172.0
2013-11-06,-211.0
2013-11-07,11.0
2013-11-08,231.0
2013-11-09,-77.0
2013-11-10,-73.0
2013-11-11,69.0
2013-11-12,419.0
2013-11-13,93.0
2013-11-14,-371.0
2013-11-15,-210.0
2013-11-16,-110.0
2013-11-17,-50.0
2013-11-18,21.0
2013-11-19,351.0
2013-11-20,65.0
2013-11-21,-130.0
2013-11-22,-281.0
2013-11-23,-124.0
2013-11-24,1135.0
2013-11-25,464.0
2013-11-26,-1043.0
2013-11-27,-196.0
2013-11-28,0.0
2013-11-29,48.0
2013-11-30,199.0
2013-12-01,-339.0
2013-12-02,-5.0
2013-12-03,-35.0
2013-12-04,14.0
2013-12-05,-84.0
2013-12-06,116.0
2013-12-07,80.0
2013-12-08,250.0
2013-12-09,-98.0
2013-12-10,37.0
2013-12-11,154.0
2013-12-12,254.0
2013-12-13,-105.0
2013-12-14,-212.0
2013-12-15,-116.0
2013-12-16,111.0
2013-12-17,-42.0
2013-12-18,-111.0
2013-12-19,-162.0
2013-12-20,-134.0
2013-12-21,-76.0
2013-12-22,-36.0
2013-12-23,21.0
2013-12-24,230.0
2013-12-25,109.0
2013-12-26,-1.0
2013-12-27,-102.0
2013-12-28,-110.0
2013-12-29,-28.0
2013-12-30,121.0
2013-12-31,199.0
2014-01-01,-132.0
2014-01-02,393.0
2014-01-03,210.0
2014-01-04,320.0
2014-01-05,-692.0
2014-01-06,-68.0
2014-01-07,1208.0
2014-01-08,-492.0
2014-01-09,-668.0
2014-01-10,-199.0
2014-01-11,-178.0
2014-01-12,-13.0
2014-01-13,7.0
2014-01-14,24.0
2014-01-15,-24.0
2014-01-16,61.0
2014-01-17,-38.0
2014-01-18,116.0
2014-01-19,116.0
2014-01-20,-89.0
2014-01-21,435.0
2014-01-22,408.0
2014-01-23,110.0
2014-01-24,-235.0
2014-01-25,-253.0
2014-01-26,-253.0
2014-01-27,-62.0
2014-01-28,166.0
2014-01-29,-49.0
2014-01-30,11.0
2014-01-31,-175.0
2014-02-01,3.0
2014-02-02,-259.0
2014-02-03,130.0
2014-02-04,-52.0
2014-02-05,112.0
2014-02-06,260.0
2014-02-07,-279.0
2014-02-08,247.0
2014-02-09,-143.0
2014-02-10,124.0
2014-02-11,294.0
2014-02-12,-219.0
2014-02-13,-133.0
2014-02-14,-299.0
2014-02-15,-33.0
2014-02-16,71.0
2014-02-17,136.0
2014-02-18,-136.0
2014-02-19,-58.0
2014-02-20,-62.0
2014-02-21,28.0
2014-02-22,-53.0
2014-02-23,-34.0
2014-02-24,236.0
2014-02-25,49.0
2014-02-26,-25.0
2014-02-27,66.0
2014-02-28,177.0
2014-03-01,-197.0
2014-03-02,-102.0
2014-03-03,93.0
2014-03-04,80.0
2014-03-05,-162.0
2014-03-06,146.0
2014-03-07,-201.0
2014-03-08,-140.0
2014-03-09,108.0
2014-03-10,-102.0
2014-03-11,-10.0
2014-03-12,15.0
2014-03-13,307.0
2014-03-14,-203.0
2014-03-15,-127.0
2014-03-16,192.0
2014-03-17,62.0
2014-03-18,2.0
2014-03-19,-123.0
2014-03-20,-113.0
2014-03-21,11.0
2014-03-22,-37.0
2014-03-23,126.0
2014-03-24,152.0
2014-03-25,-119.0
2014-03-26,6.0
2014-03-27,-34.0
2014-03-28,-104.0
2014-03-29,0.0
2014-03-30,68.0
2014-03-31,30.0
2014-04-01,-64.0
2014-04-02,-6.0
2014-04-03,-73.0
2014-04-04,170.0
2014-04-05,-138.0
2014-04-06,3.0
2014-04-07,95.0
2014-04-08,-74.0
2014-04-09,-24.0
2014-04-10,-4.0
2014-04-11,-64.0
2014-04-12,-3.0
2014-04-13,-10.0
2014-04-14,7.0
2014-04-15,49.0
2014-04-16,191.0
2014-04-17,8.0
2014-04-18,-75.0
2014-04-19,-120.0
2014-04-20,-31.0
2014-04-21,15.0
2014-04-22,-26.0
2014-04-23,67.0
2014-04-24,17.0
2014-04-25,-44.0
2014-04-26,-4.0
2014-04-27,-1.0
2014-04-28,10.0
2014-04-29,130.0
2014-04-30,22.0
2014-05-01,-186.0
2014-05-02,-43.0
2014-05-03,10.0
2014-05-04,1.0
2014-05-05,54.0
2014-05-06,-41.0
2014-05-07,-26.0
2014-05-08,28.0
2014-05-09,-20.0
2014-05-10,-14.0
2014-05-11,-1.0
2014-05-12,-5.0
2014-05-13,4.0
2014-05-14,-3.0
2014-05-15,-12.0
2014-05-16,23.0
2014-05-17,10.0
2014-05-18,-11.0
2014-05-19,-7.0
2014-05-20,-5.0
2014-05-21,-2.0
2014-05-22,9.0
2014-05-23,-4.0
2014-05-24,-4.0
2014-05-25,3.0
2014-05-26,6.0
2014-05-27,1.0
2014-05-28,8.0
2014-05-29,-10.0
2014-05-30,13.0
2014-05-31,-27.0
2014-06-01,19.0
2014-06-02,14.0
2014-06-03,-14.0
2014-06-04,-2.0
2014-06-05,-5.0
2014-06-06,-10.0
2014-06-07,-4.0
2014-06-08,16.0
2014-06-09,3.0
2014-06-10,-2.0
2014-06-11,4.0
2014-06-12,-7.0
2014-06-13,-8.0
2014-06-14,11.0
2014-06-15,-4.0
2014-06-16,7.0
2014-06-17,-1.0
2014-06-18,-17.0
2014-06-19,12.0
2014-06-20,12.0
2014-06-21,-19.0
2014-06-22,7.0
2014-06-23,-3.0
2014-06-24,2.0
2014-06-25,-7.0
2014-06-26,-7.0
2014-06-27,10.0
2014-06-28,-11.0
2014-06-29,-2.0
2014-06-30,4.0
2014-07-01,4.0
2014-07-02,-12.0
2014-07-03,27.0
2014-07-04,-4.0
2014-07-05,-9.0
2014-07-06,-6.0
2014-07-07,15.0
2014-07-08,0.0
2014-07-09,-3.0
2014-07-10,9.0
2014-07-11,-16.0
2014-07-12,-6.0
2014-07-13,5.0
2014-07-14,5.0
2014-07-15,2.0
2014-07-16,1.0
2014-07-17,-10.0
2014-07-18,1.0
2014-07-19,-13.0
2014-07-20,13.0
2014-07-21,10.0
2014-07-22,-22.0
2014-07-23,2.0
2014-07-24,0.0
2014-07-25,5.0
2014-07-26,-3.0
2014-07-27,6.0
2014-07-28,3.0
2014-07-29,10.0
2014-07-30,-3.0
2014-07-31,-9.0
2014-08-01,2.0
2014-08-02,-6.0
2014-08-03,-1.0
2014-08-04,3.0
2014-08-05,11.0
2014-08-06,-11.0
2014-08-07,3.0
2014-08-08,3.0
2014-08-09,0.0
2014-08-10,4.0
2014-08-11,-6.0
2014-08-12,5.0
2014-08-13,-7.0
2014-08-14,3.0
2014-08-15,0.0
2014-08-16,13.0
2014-08-17,-8.0
2014-08-18,10.0
2014-08-19,-9.0
2014-08-20,-8.0
2014-08-21,3.0
2014-08-22,-9.0
2014-08-23,6.0
2014-08-24,-7.0
2014-08-25,6.0
2014-08-26,4.0
2014-08-27,-5.0
2014-08-28,15.0
2014-08-29,-7.0
2014-08-30,-7.0
2014-08-31,3.0
2014-09-01,7.0
2014-09-02,1.0
2014-09-03,-17.0
2014-09-04,13.0
2014-09-05,-10.0
2014-09-06,-2.0
2014-09-07,-2.0
2014-09-08,3.0
2014-09-09,0.0
2014-09-10,8.0
2014-09-11,-2.0
2014-09-12,3.0
2014-09-13,-7.0
2014-09-14,-3.0
2014-09-15,21.0
2014-09-16,-3.0
2014-09-17,-6.0
2014-09-18,3.0
2014-09-19,-2.0
2014-09-20,9.0
2014-09-21,-15.0
2014-09-22,13.0
2014-09-23,12.0
2014-09-24,-13.0
2014-09-25,-1.0
2014-09-26,-12.0
2014-09-27,1.0
2014-09-28,3.0
2014-09-29,12.0
2014-09-30,-16.0
2014-10-01,6.0
2014-10-02,10.0
2014-10-03,-11.0
2014-10-04,9.0
2014-10-05,120.0
2014-10-06,0.0
2014-10-07,-96.0
2014-10-08,0.0
2014-10-09,-26.0
2014-10-10,21.0
2014-10-11,86.0
2014-10-12,-7.0
2014-10-13,-55.0
2014-10-14,-37.0
2014-10-15,-5.0
2014-10-16,5.0
2014-10-17,-14.0
2014-10-18,6.0
2014-10-19,289.0
2014-10-20,259.0
2014-10-21,-427.0
2014-10-22,132.0
2014-10-23,276.0
2014-10-24,-265.0
2014-10-25,-110.0
2014-10-26,-8.0
2014-10-27,70.0
2014-10-28,-128.0
2014-10-29,-35.0
2014-10-30,185.0
2014-10-31,194.0
2014-11-01,263.0
2014-11-02,128.0
2014-11-03,-231.0
2014-11-04,-419.0
2014-11-05,-75.0
2014-11-06,161.0
2014-11-07,227.0
2014-11-08,57.0
2014-11-09,-312.0
2014-11-10,6.0
2014-11-11,-85.0
2014-11-12,-45.0
2014-11-13,451.0
2014-11-14,80.0
2014-11-15,10.0
2014-11-16,-102.0
2014-11-17,-137.0
2014-11-18,695.0
2014-11-19,53.0
2014-11-20,-583.0
2014-11-21,53.0
2014-11-22,-219.0
2014-11-23,-243.0
2014-11-24,-79.0
2014-11-25,35.0
2014-11-26,228.0
2014-11-27,29.0
2014-11-28,110.0
2014-11-29,59.0
2014-11-30,-253.0
2014-12-01,-83.0
2014-12-02,184.0
2014-12-03,-116.0
2014-12-04,87.0
2014-12-05,23.0
2014-12-06,-164.0
2014-12-07,232.0
2014-12-08,404.0
2014-12-09,-388.0
2014-12-10,-89.0
2014-12-11,48.0
2014-12-12,-65.0
2014-12-13,-45.0
2014-12-14,-61.0
2014-12-15,1.0
2014-12-16,2.0
2014-12-17,-63.0
2014-12-18,114.0
2014-12-19,-22.0
2014-12-20,49.0
2014-12-21,33.0
2014-12-22,-45.0
2014-12-23,-60.0
2014-12-24,-89.0
2014-12-25,-60.0
2014-12-26,119.0
2014-12-27,-95.0
2014-12-28,32.0
2014-12-29,135.0
2014-12-30,120.0
2014-12-31,-27.0
2015-01-01,-63.0
2015-01-02,-8.0
2015-01-03,-60.0
2015-01-04,-88.0
2015-01-05,304.0
2015-01-06,354.0
2015-01-07,335.0
2015-01-08,476.0
2015-01-09,-861.0
2015-01-10,-74.0
2015-01-11,-243.0
2015-01-12,-135.0
2015-01-13,145.0
2015-01-14,70.0
2015-01-15,-238.0
2015-01-16,-15.0
2015-01-17,201.0
2015-01-18,-268.0
2015-01-19,19.0
2015-01-20,20.0
2015-01-21,78.0
2015-01-22,-40.0
2015-01-23,-47.0
2015-01-24,5.0
2015-01-25,-55.0
2015-01-26,415.0
2015-01-27,-72.0
2015-01-28,-51.0
2015-01-29,-70.0
2015-01-30,-138.0
2015-01-31,458.0
2015-02-01,-355.0
2015-02-02,134.0
2015-02-03,150.0
2015-02-04,-317.0
2015-02-05,35.0
2015-02-06,216.0
2015-02-07,-306.0
2015-02-08,-15.0
2015-02-09,172.0
2015-02-10,-97.0
2015-02-11,30.0
2015-02-12,-67.0
2015-02-13,427.0
2015-02-14,-270.0
2015-02-15,463.0
2015-02-16,496.0
2015-02-17,-725.0
2015-02-18,-292.0
2015-02-19,233.0
2015-02-20,356.0
2015-02-21,-470.0
2015-02-22,-232.0
2015-02-23,103.0
2015-02-24,207.0
2015-02-25,-268.0
2015-02-26,2.0
2015-02-27,5.0
2015-02-28,52.0
2015-03-01,-84.0
2015-03-02,-53.0
2015-03-03,-29.0
2015-03-04,-35.0
2015-03-05,88.0
2015-03-06,41.0
2015-03-07,-59.0
2015-03-08,-103.0
2015-03-09,-48.0
2015-03-10,13.0
2015-03-11,-48.0
2015-03-12,128.0
2015-03-13,-32.0
2015-03-14,-57.0
2015-03-15,36.0
2015-03-16,-32.0
2015-03-17,23.0
2015-03-18,174.0
2015-03-19,-118.0
2015-03-20,51.0
2015-03-21,-69.0
2015-03-22,-30.0
2015-03-23,116.0
2015-03-24,-79.0
2015-03-25,-34.0
2015-03-26,-62.0
2015-03-27,29.0
2015-03-28,42.0
2015-03-29,3.0
2015-03-30,-44.0
2015-03-31,44.0
2015-04-01,-38.0
2015-04-02,-59.0
2015-04-03,-36.0
2015-04-04,58.0
2015-04-05,-21.0
2015-04-06,33.0
2015-04-07,6.0
2015-04-08,138.0
2015-04-09,-25.0
2015-04-10,-114.0
2015-04-11,-54.0
2015-04-12,-3.0
2015-04-13,-21.0
2015-04-14,-22.0
2015-04-15,27.0
2015-04-16,-18.0
2015-04-17,-24.0
2015-04-18,-6.0
2015-04-19,23.0
2015-04-20,66.0
2015-04-21,-47.0
2015-04-22,3.0
2015-04-23,226.0
2015-04-24,14.0
2015-04-25,-141.0
2015-04-26,-78.0
2015-04-27,8.0
2015-04-28,-4.0
2015-04-29,-52.0
2015-04-30,1.0
2015-05-01,13.0
2015-05-02,-10.0
2015-05-03,-32.0
2015-05-04,5.0
2015-05-05,-17.0
2015-05-06,0.0
2015-05-07,-1.0
2015-05-08,5.0
2015-05-09,6.0
2015-05-10,-7.0
2015-05-11,26.0
2015-05-12,-2.0
2015-05-13,-20.0
2015-05-14,8.0
2015-05-15,-11.0
2015-05-16,-2.0
2015-05-17,28.0
2015-05-18,-13.0
2015-05-19,-23.0
2015-05-20,2.0
2015-05-21,11.0
2015-05-22,-2.0
2015-05-23,27.0
2015-05-24,-33.0
2015-05-25,13.0
2015-05-26,-7.0
2015-05-27,-6.0
2015-05-28,3.0
2015-05-29,-8.0
2015-05-30,0.0
2015-05-31,0.0
2015-06-01,16.0
2015-06-02,-8.0
2015-06-03,-5.0
2015-06-04,-7.0
2015-06-05,3.0
2015-06-06,2.0
2015-06-07,-1.0
2015-06-08,5.0
2015-06-09,1.0
2015-06-10,2.0
2015-06-11,-8.0
2015-06-12,-2.0
2015-06-13,12.0
2015-06-14,3.0
2015-06-15,2.0
2015-06-16,6.0
2015-06-17,-21.0
2015-06-18,3.0
2015-06-19,-6.0
2015-06-20,-1.0
2015-06-21,6.0
2015-06-22,3.0
2015-06-23,-4.0
2015-06-24,6.0
2015-06-25,-10.0
2015-06-26,7.0
2015-06-27,-19.0
2015-06-28,15.0
2015-06-29,2.0
2015-06-30,23.0
2015-07-01,-4.0
2015-07-02,-22.0
2015-07-03,8.0
2015-07-04,-14.0
2015-07-05,5.0
2015-07-06,12.0
2015-07-07,1.0
2015-07-08,-12.0
2015-07-09,15.0
2015-07-10,-18.0
2015-07-11,0.0
2015-07-12,9.0
2015-07-13,-1.0
2015-07-14,-4.0
2015-07-15,10.0
2015-07-16,-10.0
2015-07-17,-5.0
2015-07-18,3.0
2015-07-19,6.0
2015-07-20,1.0
2015-07-21,-3.0
2015-07-22,-10.0
2015-07-23,6.0
2015-07-24,-7.0
2015-07-25,1.0
2015-07-26,11.0
2015-07-27,2.0
2015-07-28,-11.0
2015-07-29,18.0
2015-07-30,-22.0
2015-07-31,-1.0
2015-08-01,8.0
2015-08-02,-5.0
2015-08-03,7.0
2015-08-04,-11.0
2015-08-05,13.0
2015-08-06,4.0
2015-08-07,0.0
2015-08-08,-13.0
2015-08-09,1.0
2015-08-10,9.0
2015-08-11,-11.0
2015-08-12,1.0
2015-08-13,-1.0
2015-08-14,-1.0
2015-08-15,0.0
2015-08-16,7.0
2015-08-17,-4.0
2015-08-18,-2.0
2015-08-19,2.0
2015-08-20,14.0
2015-08-21,-23.0
2015-08-22,0.0
2015-08-23,7.0
2015-08-24,4.0
2015-08-25,-5.0
2015-08-26,3.0
2015-08-27,-4.0
2015-08-28,1.0
2015-08-29,-4.0
2015-08-30,11.0
2015-08-31,1.0
2015-09-01,-5.0
2015-09-02,-10.0
2015-09-03,10.0
2015-09-04,2.0
2015-09-05,0.0
2015-09-06,-1.0
2015-09-07,7.0
2015-09-08,-3.0
2015-09-09,3.0
2015-09-10,-5.0
2015-09-11,-7.0
2015-09-12,4.0
2015-09-13,13.0
2015-09-14,9.0
2015-09-15,-1.0
2015-09-16,-7.0
2015-09-17,0.0
2015-09-18,6.0
2015-09-19,-7.0
2015-09-20,-5.0
2015-09-21,12.0
2015-09-22,-4.0
2015-09-23,15.0
2015-09-24,-21.0
2015-09-25,9.0
2015-09-26,-11.0
2015-09-27,7.0
2015-09-28,12.0
2015-09-29,-3.0
2015-09-30,-8.0
2015-10-01,28.0
2015-10-02,159.0
2015-10-03,395.0
2015-10-04,-271.0
2015-10-05,-109.0
2015-10-06,-121.0
2015-10-07,-48.0
2015-10-08,-13.0
2015-10-09,-5.0
2015-10-10,-2.0
2015-10-11,15.0
2015-10-12,2.0
2015-10-13,-1.0
2015-10-14,-23.0
2015-10-15,65.0
2015-10-16,19.0
2015-10-17,392.0
2015-10-18,435.0
2015-10-19,-33.0
2015-10-20,-652.0
2015-10-21,-174.0
2015-10-22,-41.0
2015-10-23,66.0
2015-10-24,243.0
2015-10-25,-201.0
2015-10-26,127.0
2015-10-27,38.0
2015-10-28,-132.0
2015-10-29,-106.0
2015-10-30,100.0
2015-10-31,62.0
2015-11-01,-129.0
2015-11-02,2.0
2015-11-03,-20.0
2015-11-04,-14.0
2015-11-05,-35.0
2015-11-06,-8.0
2015-11-07,-5.0
2015-11-08,155.0
2015-11-09,57.0
2015-11-10,-59.0
2015-11-11,-57.0
2015-11-12,-11.0
2015-11-13,639.0
2015-11-14,-151.0
2015-11-15,-264.0
2015-11-16,-176.0
2015-11-17,352.0
2015-11-18,-247.0
2015-11-19,-111.0
2015-11-20,49.0
2015-11-21,163.0
2015-11-22,-5.0
2015-11-23,376.0
2015-11-24,-151.0
2015-11-25,-192.0
2015-11-26,-201.0
2015-11-27,-87.0
2015-11-28,59.0
2015-11-29,274.0
2015-11-30,177.0
2015-12-01,-326.0
2015-12-02,-63.0
2015-12-03,68.0
2015-12-04,1.0
2015-12-05,-100.0
2015-12-06,11.0
2015-12-07,45.0
2015-12-08,80.0
2015-12-09,-56.0
2015-12-10,-132.0
2015-12-11,-58.0
2015-12-12,-7.0
2015-12-13,-4.0
2015-12-14,39.0
2015-12-15,34.0
2015-12-16,97.0
2015-12-17,-79.0
2015-12-18,112.0
2015-12-19,327.0
2015-12-20,-254.0
2015-12-21,-91.0
2015-12-22,-166.0
2015-12-23,22.0
2015-12-24,-52.0
2015-12-25,-26.0
2015-12-26,83.0
2015-12-27,16.0
2015-12-28,279.0
2015-12-29,-10.0
2015-12-30,-100.0
2015-12-31,-89.0
2016-01-01,88.0
2016-01-02,124.0
2016-01-03,-18.0
2016-01-04,499.0
2016-01-05,641.0
2016-01-06,-853.0
2016-01-07,-326.0
2016-01-08,-90.0
2016-01-09,-55.0
2016-01-10,-19.0
2016-01-11,262.0
2016-01-12,1.0
2016-01-13,375.0
2016-01-14,-239.0
2016-01-15,-322.0
2016-01-16,-111.0
2016-01-17,81.0
2016-01-18,484.0
2016-01-19,535.0
2016-01-20,-684.0
2016-01-21,-92.0
2016-01-22,119.0
2016-01-23,271.0
2016-01-24,-336.0
2016-01-25,-54.0
2016-01-26,-125.0
2016-01-27,-82.0
2016-01-28,-46.0
2016-01-29,49.0
2016-01-30,-7.0
2016-01-31,-76.0
2016-02-01,-34.0
2016-02-02,59.0
2016-02-03,-45.0
2016-02-04,-12.0
2016-02-05,142.0
2016-02-06,-52.0
2016-02-07,43.0
2016-02-08,61.0
2016-02-09,64.0
2016-02-10,-37.0
2016-02-11,272.0
2016-02-12,319.0
2016-02-13,249.0
2016-02-14,737.0
2016-02-15,-785.0
2016-02-16,-756.0
2016-02-17,-72.0
2016-02-18,5.0
2016-02-19,-9.0
2016-02-20,-158.0
2016-02-21,-41.0
2016-02-22,61.0
2016-02-23,177.0
2016-02-24,-104.0
2016-02-25,-41.0
2016-02-26,136.0
2016-02-27,-126.0
2016-02-28,-99.0
2016-02-29,-23.0
2016-03-01,69.0
2016-03-02,47.0
2016-03-03,115.0
2016-03-04,-125.0
2016-03-05,7.0
2016-03-06,-92.0
2016-03-07,-39.0
2016-03-08,-16.0
2016-03-09,-29.0
2016-03-10,-11.0
2016-03-11,-7.0
2016-03-12,69.0
2016-03-13,-30.0
2016-03-14,213.0
2016-03-15,-159.0
2016-03-16,-46.0
2016-03-17,49.0
2016-03-18,46.0
2016-03-19,74.0
2016-03-20,88.0
2016-03-21,-75.0
2016-03-22,-95.0
2016-03-23,-116.0
2016-03-24,81.0
2016-03-25,-62.0
2016-03-26,80.0
2016-03-27,33.0
2016-03-28,-78.0
2016-03-29,194.0
2016-03-30,-129.0
2016-03-31,-108.0
2016-04-01,-31.0
2016-04-02,37.0
2016-04-03,234.0
2016-04-04,-64.0
2016-04-05,144.0
2016-04-06,-168.0
2016-04-07,-145.0
2016-04-08,73.0
2016-04-09,12.0
2016-04-10,3.0
2016-04-11,-90.0
2016-04-12,11.0
2016-04-13,8.0
2016-04-14,6.0
2016-04-15,-13.0
2016-04-16,9.0
2016-04-17,-60.0
2016-04-18,-11.0
2016-04-19,-5.0
2016-04-20,36.0
2016-04-21,-51.0
2016-04-22,-12.0
2016-04-23,24.0
2016-04-24,9.0
2016-04-25,2.0
2016-04-26,47.0
2016-04-27,12.0
2016-04-28,5.0
2016-04-29,47.0
2016-04-30,-52.0
2016-05-01,117.0
2016-05-02,-44.0
2016-05-03,-31.0
2016-05-04,79.0
2016-05-05,-68.0
2016-05-06,32.0
2016-05-07,-70.0
2016-05-08,-77.0
2016-05-09,17.0
2016-05-10,-5.0
2016-05-11,-6.0
2016-05-12,-31.0
2016-05-13,4.0
2016-05-14,17.0
2016-05-15,51.0
2016-05-16,84.0
2016-05-17,-124.0
2016-05-18,-13.0
2016-05-19,2.0
2016-05-20,-15.0
2016-05-21,10.0
2016-05-22,-5.0
2016-05-23,17.0
2016-05-24,-21.0
2016-05-25,6.0
2016-05-26,-9.0
2016-05-27,-9.0
2016-05-28,-3.0
2016-05-29,-6.0
2016-05-30,11.0
2016-05-31,4.0
2016-06-01,3.0
2016-06-02,-8.0
2016-06-03,-7.0
2016-06-04,1.0
2016-06-05,6.0
2016-06-06,4.0
2016-06-07,-8.0
2016-06-08,3.0
2016-06-09,2.0
2016-06-10,-2.0
2016-06-11,-3.0
2016-06-12,5.0
2016-06-13,12.0
2016-06-14,-4.0
2016-06-15,-21.0
2016-06-16,3.0
2016-06-17,0.0
2016-06-18,0.0
2016-06-19,-9.0
2016-06-20,7.0
2016-06-21,1.0
2016-06-22,7.0
2016-06-23,-8.0
2016-06-24,2.0
2016-06-25,0.0
2016-06-26,1.0
2016-06-27,14.0
2016-06-28,8.0
2016-06-29,-3.0
2016-06-30,-21.0
2016-07-01,-1.0
2016-07-02,-2.0
2016-07-03,2.0
2016-07-04,8.0
2016-07-05,1.0
2016-07-06,-6.0
2016-07-07,8.0
2016-07-08,-7.0
2016-07-09,9.0
2016-07-10,-17.0
2016-07-11,19.0
2016-07-12,-4.0
2016-07-13,9.0
2016-07-14,-10.0
2016-07-15,-8.0
2016-07-16,-1.0
2016-07-17,3.0
2016-07-18,3.0
2016-07-19,3.0
2016-07-20,-2.0
2016-07-21,-6.0
2016-07-22,-6.0
2016-07-23,-1.0
2016-07-24,13.0
2016-07-25,-8.0
2016-07-26,-2.0
2016-07-27,1.0
2016-07-28,3.0
2016-07-29,5.0
2016-07-30,-8.0
2016-07-31,6.0
2016-08-01,0.0
2016-08-02,-6.0
2016-08-03,3.0
2016-08-04,-2.0
2016-08-05,12.0
2016-08-06,-6.0
2016-08-07,-3.0
2016-08-08,10.0
2016-08-09,-6.0
2016-08-10,8.0
2016-08-11,-13.0
2016-08-12,9.0
2016-08-13,-2.0
2016-08-14,-2.0
2016-08-15,-5.0
2016-08-16,9.0
2016-08-17,-16.0
2016-08-18,5.0
2016-08-19,0.0
2016-08-20,-5.0
2016-08-21,13.0
2016-08-22,4.0
2016-08-23,-9.0
2016-08-24,-1.0
2016-08-25,4.0
2016-08-26,1.0
2016-08-27,-8.0
2016-08-28,0.0
2016-08-29,10.0
2016-08-30,-4.0
2016-08-31,-6.0
2016-09-01,1.0
2016-09-02,-2.0
2016-09-03,6.0
2016-09-04,-4.0
2016-09-05,20.0
2016-09-06,-1.0
2016-09-07,-6.0
2016-09-08,5.0
2016-09-09,-15.0
2016-09-10,1.0
2016-09-11,3.0
2016-09-12,4.0
2016-09-13,3.0
2016-09-14,5.0
2016-09-15,-6.0
2016-09-16,-13.0
2016-09-17,1.0
2016-09-18,-1.0
2016-09-19,3.0
2016-09-20,17.0
2016-09-21,-6.0
2016-09-22,-4.0
2016-09-23,-8.0
2016-09-24,1.0
2016-09-25,5.0
2016-09-26,24.0
2016-09-27,-21.0
2016-09-28,3.0
2016-09-29,7.0
2016-09-30,7.0
2016-10-01,6.0
2016-10-02,-4.0
2016-10-03,-17.0
2016-10-04,5.0
2016-10-05,16.0
2016-10-06,-11.0
2016-10-07,-13.0
2016-10-08,12.0
2016-10-09,16.0
2016-10-10,194.0
2016-10-11,15.0
2016-10-12,-150.0
2016-10-13,-40.0
2016-10-14,112.0
2016-10-15,-78.0
2016-10-16,-68.0
2016-10-17,144.0
2016-10-18,-144.0
2016-10-19,7.0
2016-10-20,-21.0
2016-10-21,5.0
2016-10-22,324.0
2016-10-23,131.0
2016-10-24,-94.0
2016-10-25,430.0
2016-10-26,-3.0
2016-10-27,-189.0
2016-10-28,-169.0
2016-10-29,-181.0
2016-10-30,-209.0
2016-10-31,204.0
2016-11-01,-30.0
2016-11-02,-121.0
2016-11-03,-54.0
2016-11-04,64.0
2016-11-05,45.0
2016-11-06,-66.0
2016-11-07,445.0
2016-11-08,-382.0
2016-11-09,22.0
2016-11-10,139.0
2016-11-11,22.0
2016-11-12,96.0
2016-11-13,-251.0
2016-11-14,38.0
2016-11-15,91.0
2016-11-16,-108.0
2016-11-17,-47.0
2016-11-18,-6.0
2016-11-19,-21.0
2016-11-20,470.0
2016-11-21,295.0
2016-11-22,-149.0
2016-11-23,-349.0
2016-11-24,-147.0
2016-11-25,-66.0
2016-11-26,17.0
2016-11-27,47.0
2016-11-28,28.0
2016-11-29,-107.0
2016-11-30,40.0
2016-12-01,45.0
2016-12-02,98.0
2016-12-03,-70.0
2016-12-04,70.0
2016-12-05,-68.0
2016-12-06,47.0
2016-12-07,-16.0
2016-12-08,57.0
2016-12-09,344.0
2016-12-10,-123.0
2016-12-11,9.0
2016-12-12,-220.0
2016-12-13,20.0
2016-12-14,55.0
2016-12-15,640.0
2016-12-16,84.0
2016-12-17,-579.0
2016-12-18,-317.0
2016-12-19,355.0
2016-12-20,3.0
2016-12-21,-203.0
2016-12-22,-141.0
2016-12-23,-84.0
2016-12-24,-21.0
2016-12-25,-13.0
2016-12-26,134.0
2016-12-27,-120.0
2016-12-28,113.0
2016-12-29,-66.0
2016-12-30,75.0
2016-12-31,-15.0
2017-01-01,-154.0
2017-01-02,157.0
2017-01-03,19.0
2017-01-04,-44.0
2017-01-05,210.0
2017-01-06,-33.0
2017-01-07,275.0
2017-01-08,104.0
2017-01-09,208.0
2017-01-10,-426.0
2017-01-11,-392.0
2017-01-12,-112.0
2017-01-13,133.0
2017-01-14,129.0
2017-01-15,-64.0
2017-01-16,22.0
2017-01-17,-103.0
2017-01-18,-2.0
2017-01-19,-19.0
2017-01-20,2.0
2017-01-21,-35.0
2017-01-22,28.0
2017-01-23,218.0
2017-01-24,-117.0
2017-01-25,-84.0
2017-01-26,-39.0
2017-01-27,78.0
2017-01-28,88.0
2017-01-29,-56.0
2017-01-30,56.0
2017-01-31,63.0
2017-02-01,-137.0
2017-02-02,-3.0
2017-02-03,64.0
2017-02-04,75.0
2017-02-05,-153.0
2017-02-06,-52.0
2017-02-07,4.0
2017-02-08,-52.0
2017-02-09,581.0
2017-02-10,-193.0
2017-02-11,-289.0
2017-02-12,84.0
2017-02-13,21.0
2017-02-14,-72.0
2017-02-15,-41.0
2017-02-16,85.0
2017-02-17,-29.0
2017-02-18,-169.0
2017-02-19,-38.0
2017-02-20,90.0
2017-02-21,74.0
2017-02-22,-120.0
2017-02-23,-44.0
2017-02-24,-33.0
2017-02-25,42.0
2017-02-26,184.0
2017-02-27,-66.0
2017-02-28,-112.0
2017-03-01,-42.0
2017-03-02,216.0
2017-03-03,130.0
2017-03-04,332.0
2017-03-05,-36.0
2017-03-06,-389.0
2017-03-07,-163.0
2017-03-08,-46.0
2017-03-09,-5.0
2017-03-10,271.0
2017-03-11,225.0
2017-03-12,20.0
2017-03-13,74.0
2017-03-14,54.0
2017-03-15,-137.0
2017-03-16,-140.0
2017-03-17,-271.0
2017-03-18,18.0
2017-03-19,-18.0
2017-03-20,-28.0
2017-03-21,-29.0
2017-03-22,228.0
2017-03-23,-91.0
2017-03-24,-82.0
2017-03-25,-45.0
2017-03-26,89.0
2017-03-27,-100.0
2017-03-28,103.0
2017-03-29,-119.0
2017-03-30,79.0
2017-03-31,45.0
2017-04-01,-102.0
2017-04-02,-32.0
2017-04-03,0.0
2017-04-04,53.0
2017-04-05,-63.0
2017-04-06,106.0
2017-04-07,-33.0
2017-04-08,-45.0
2017-04-09,-51.0
2017-04-10,-46.0
2017-04-11,-11.0
2017-04-12,-2.0
2017-04-13,22.0
2017-04-14,9.0
2017-04-15,-7.0
2017-04-16,-28.0
2017-04-17,11.0
2017-04-18,7.0
2017-04-19,124.0
2017-04-20,-66.0
2017-04-21,30.0
2017-04-22,-21.0
2017-04-23,-26.0
2017-04-24,16.0
2017-04-25,98.0
2017-04-26,-100.0
2017-04-27,-54.0
2017-04-28,-30.0
2017-04-29,-3.0
2017-04-30,9.0
2017-05-01,32.0
2017-05-02,-33.0
2017-05-03,3.0
2017-05-04,32.0
2017-05-05,9.0
2017-05-06,-38.0
2017-05-07,122.0
2017-05-08,24.0
2017-05-09,-47.0
2017-05-10,-22.0
2017-05-11,-25.0
2017-05-12,-9.0
2017-05-13,114.0
2017-05-14,-73.0
2017-05-15,-61.0
2017-05-16,-31.0
2017-05-17,22.0
2017-05-18,-39.0
2017-05-19,18.0
2017-05-20,-12.0
2017-05-21,19.0
2017-05-22,23.0
2017-05-23,-37.0
2017-05-24,-2.0
2017-05-25,6.0
2017-05-26,-11.0
2017-05-27,-12.0
2017-05-28,8.0
2017-05-29,32.0
2017-05-30,-20.0
2017-05-31,7.0
2017-06-01,-19.0
2017-06-02,7.0
2017-06-03,-1.0
2017-06-04,-8.0
2017-06-05,1.0
2017-06-06,7.0
2017-06-07,2.0
2017-06-08,9.0
2017-06-09,-10.0
2017-06-10,-12.0
2017-06-11,10.0
2017-06-12,17.0
2017-06-13,-9.0
2017-06-14,-6.0
2017-06-15,0.0
2017-06-16,-1.0
2017-06-17,-5.0
2017-06-18,17.0
2017-06-19,-1.0
2017-06-20,-7.0
2017-06-21,-12.0
2017-06-22,3.0
2017-06-23,-7.0
2017-06-24,-2.0
2017-06-25,10.0
2017-06-26,5.0
2017-06-27,-6.0
2017-06-28,0.0
2017-06-29,-3.0
2017-06-30,14.0
2017-07-01,-19.0
2017-07-02,8.0
2017-07-03,-3.0
2017-07-04,-3.0
2017-07-05,12.0
2017-07-06,-7.0
2017-07-07,-3.0
2017-07-08,-2.0
2017-07-09,1.0
2017-07-10,10.0
2017-07-11,-7.0
2017-07-12,9.0
2017-07-13,-4.0
2017-07-14,3.0
2017-07-15,-3.0
2017-07-16,-15.0
2017-07-17,14.0
2017-07-18,-1.0
2017-07-19,12.0
2017-07-20,-15.0
2017-07-21,2.0
2017-07-22,-3.0
2017-07-23,1.0
2017-07-24,6.0
2017-07-25,-17.0
2017-07-26,16.0
2017-07-27,-6.0
2017-07-28,-4.0
2017-07-29,13.0
2017-07-30,9.0
2017-07-31,-1.0
2017-08-01,-18.0
2017-08-02,5.0
2017-08-03,-4.0
2017-08-04,-6.0
2017-08-05,3.0
2017-08-06,3.0
2017-08-07,-3.0
2017-08-08,4.0
2017-08-09,10.0
2017-08-10,-8.0
2017-08-11,-13.0
2017-08-12,-1.0
2017-08-13,7.0
2017-08-14,5.0
2017-08-15,11.0
2017-08-16,6.0
2017-08-17,-13.0
2017-08-18,-8.0
2017-08-19,34.0
2017-08-20,-30.0
2017-08-21,5.0
2017-08-22,-7.0
2017-08-23,31.0
2017-08-24,-30.0
2017-08-25,-10.0
2017-08-26,0.0
2017-08-27,14.0
2017-08-28,6.0
2017-08-29,-7.0
2017-08-30,14.0
2017-08-31,-12.0
2017-09-01,-5.0
2017-09-02,-2.0
2017-09-03,-4.0
2017-09-04,8.0
2017-09-05,1.0
2017-09-06,8.0
2017-09-07,-8.0
2017-09-08,-11.0
2017-09-09,19.0
2017-09-10,-3.0
2017-09-11,7.0
2017-09-12,-6.0
2017-09-13,2.0
2017-09-14,-12.0
2017-09-15,5.0
2017-09-16,0.0
2017-09-17,7.0
2017-09-18,-10.0
2017-09-19,15.0
2017-09-20,-21.0
2017-09-21,4.0
2017-09-22,13.0
2017-09-23,-21.0
2017-09-24,1.0
2017-09-25,5.0
2017-09-26,1.0
2017-09-27,4.0
2017-09-28,4.0
2017-09-29,4.0
2017-09-30,-15.0
2017-10-01,28.0
2017-10-02,13.0
2017-10-03,-15.0
2017-10-04,10.0
2017-10-05,-25.0
2017-10-06,-9.0
2017-10-07,4.0
2017-10-08,-9.0
2017-10-09,19.0
2017-10-10,-1.0
2017-10-11,-7.0
2017-10-12,8.0
2017-10-13,42.0
2017-10-14,-31.0
2017-10-15,-1.0
2017-10-16,62.0
2017-10-17,180.0
2017-10-18,-157.0
2017-10-19,-60.0
2017-10-20,-36.0
2017-10-21,2.0
2017-10-22,-10.0
2017-10-23,10.0
2017-10-24,10.0
2017-10-25,0.0
2017-10-26,138.0
2017-10-27,78.0
2017-10-28,-141.0
2017-10-29,-63.0
2017-10-30,257.0
2017-10-31,156.0
2017-11-01,71.0
2017-11-02,-444.0
2017-11-03,-34.0
2017-11-04,162.0
2017-11-05,-16.0
2017-11-06,37.0
2017-11-07,328.0
2017-11-08,53.0
2017-11-09,-136.0
2017-11-10,403.0
2017-11-11,28.0
2017-11-12,-339.0
2017-11-13,-81.0
2017-11-14,-26.0
2017-11-15,-91.0
2017-11-16,-121.0
2017-11-17,160.0
2017-11-18,-122.0
2017-11-19,3.0
2017-11-20,102.0
2017-11-21,-110.0
2017-11-22,-29.0
2017-11-23,38.0
2017-11-24,-11.0
2017-11-25,-66.0
2017-11-26,101.0
2017-11-27,39.0
2017-11-28,-76.0
2017-11-29,-51.0
2017-11-30,49.0
2017-12-01,-97.0
2017-12-02,59.0
2017-12-03,-37.0
2017-12-04,26.0
2017-12-05,-28.0
2017-12-06,110.0
2017-12-07,37.0
2017-12-08,69.0
2017-12-09,47.0
2017-12-10,-104.0
2017-12-11,66.0
2017-12-12,-85.0
2017-12-13,549.0
2017-12-14,-295.0
2017-12-15,70.0
2017-12-16,-100.0
2017-12-17,-203.0
2017-12-18,-64.0
2017-12-19,-78.0
2017-12-20,85.0
2017-12-21,-33.0
2017-12-22,-25.0
2017-12-23,-43.0
2017-12-24,82.0
2017-12-25,36.0
2017-12-26,521.0
2017-12-27,68.0
2017-12-28,647.0
2017-12-29,-194.0
2017-12-30,-502.0
2017-12-31,18.0
2018-01-01,440.0
2018-01-02,-26.0
2018-01-03,-351.0
2018-01-04,235.0
2018-01-05,141.0
2018-01-06,196.0
2018-01-07,-268.0
2018-01-08,-315.0
2018-01-09,-428.0
2018-01-10,-129.0
2018-01-11,-109.0
2018-01-12,-88.0
2018-01-13,163.0
2018-01-14,340.0
2018-01-15,83.0
2018-01-16,-244.0
2018-01-17,-119.0
2018-01-18,53.0
2018-01-19,-112.0
2018-01-20,-83.0
2018-01-21,-24.0
2018-01-22,0.0
2018-01-23,-19.0
2018-01-24,110.0
2018-01-25,49.0
2018-01-26,-82.0
2018-01-27,-72.0
2018-01-28,-68.0
2018-01-29,96.0
2018-01-30,112.0
2018-01-31,38.0
2018-02-01,-150.0
2018-02-02,87.0
2018-02-03,171.0
2018-02-04,-210.0
2018-02-05,71.0
2018-02-06,-66.0
2018-02-07,33.0
2018-02-08,-52.0
2018-02-09,38.0
2018-02-10,-110.0
2018-02-11,-51.0
2018-02-12,35.0
2018-02-13,118.0
2018-02-14,-150.0
2018-02-15,-59.0
2018-02-16,91.0
2018-02-17,44.0
2018-02-18,-56.0
2018-02-19,38.0
2018-02-20,-110.0
2018-02-21,-39.0
2018-02-22,147.0
2018-02-23,-4.0
2018-02-24,-39.0
2018-02-25,-2.0
2018-02-26,-47.0
2018-02-27,21.0
2018-02-28,33.0
2018-03-01,-43.0
2018-03-02,132.0
2018-03-03,40.0
2018-03-04,-1.0
2018-03-05,-18.0
2018-03-06,-34.0
2018-03-07,148.0
2018-03-08,-221.0
2018-03-09,42.0
2018-03-10,14.0
2018-03-11,-53.0
2018-03-12,87.0
2018-03-13,-34.0
2018-03-14,53.0
2018-03-15,-3.0
2018-03-16,-32.0
2018-03-17,74.0
2018-03-18,-118.0
2018-03-19,4.0
2018-03-20,96.0
2018-03-21,95.0
2018-03-22,-237.0
2018-03-23,-5.0
2018-03-24,28.0
2018-03-25,27.0
2018-03-26,51.0
2018-03-27,-50.0
2018-03-28,-23.0
2018-03-29,-70.0
2018-03-30,2.0
2018-03-31,14.0
2018-04-01,-11.0
2018-04-02,149.0
2018-04-03,-78.0
2018-04-04,-63.0
2018-04-05,107.0
2018-04-06,-109.0
2018-04-07,-4.0
2018-04-08,120.0
2018-04-09,-42.0
2018-04-10,-23.0
2018-04-11,-47.0
2018-04-12,-40.0
2018-04-13,-44.0
2018-04-14,3.0
2018-04-15,377.0
2018-04-16,-101.0
2018-04-17,-123.0
2018-04-18,-65.0
2018-04-19,67.0
2018-04-20,-28.0
2018-04-21,-87.0
2018-04-22,-34.0
2018-04-23,37.0
2018-04-24,-16.0
2018-04-25,6.0
2018-04-26,-46.0
2018-04-27,35.0
2018-04-28,-47.0
2018-04-29,73.0
2018-04-30,74.0
2018-05-01,-122.0
2018-05-02,-10.0
2018-05-03,-13.0
2018-05-04,-24.0
2018-05-05,12.0
2018-05-06,-7.0
2018-05-07,7.0
2018-05-08,20.0
2018-05-09,-16.0
2018-05-10,0.0
2018-05-11,-6.0
2018-05-12,16.0
2018-05-13,17.0
2018-05-14,-9.0
2018-05-15,-32.0
2018-05-16,13.0
2018-05-17,4.0
2018-05-18,-7.0
2018-05-19,52.0
2018-05-20,-37.0
2018-05-21,0.0
2018-05-22,-10.0
2018-05-23,-10.0
2018-05-24,-11.0
2018-05-25,2.0
2018-05-26,5.0
2018-05-27,3.0
2018-05-28,-3.0
2018-05-29,8.0
2018-05-30,-13.0
2018-05-31,-2.0
2018-06-01,-2.0
2018-06-02,5.0
2018-06-03,11.0
2018-06-04,12.0
2018-06-05,-25.0
2018-06-06,10.0
2018-06-07,-6.0
2018-06-08,2.0
2018-06-09,-16.0
2018-06-10,4.0
2018-06-11,5.0
2018-06-12,6.0
2018-06-13,8.0
2018-06-14,-9.0
2018-06-15,0.0
2018-06-16,0.0
2018-06-17,-12.0
2018-06-18,19.0
2018-06-19,-9.0
2018-06-20,-7.0
2018-06-21,-6.0
2018-06-22,7.0
2018-06-23,-1.0
2018-06-24,2.0
2018-06-25,1.0
2018-06-26,-8.0
2018-06-27,5.0
2018-06-28,4.0
2018-06-29,4.0
2018-06-30,7.0
2018-07-01,-6.0
2018-07-02,1.0
2018-07-03,1.0
2018-07-04,-6.0
2018-07-05,9.0
2018-07-06,4.0
2018-07-07,-13.0
2018-07-08,26.0
2018-07-09,-31.0
2018-07-10,14.0
2018-07-11,-14.0
2018-07-12,-4.0
2018-07-13,2.0
2018-07-14,12.0
2018-07-15,-19.0
2018-07-16,8.0
2018-07-17,1.0
2018-07-18,20.0
2018-07-19,-9.0
2018-07-20,-14.0
2018-07-21,8.0
2018-07-22,-3.0
2018-07-23,8.0
2018-07-24,6.0
2018-07-25,-6.0
2018-07-26,-10.0
2018-07-27,-1.0
2018-07-28,3.0
2018-07-29,11.0
2018-07-30,6.0
2018-07-31,-3.0
2018-08-01,-2.0
2018-08-02,-8.0
2018-08-03,-4.0
2018-08-04,-1.0
2018-08-05,-2.0
2018-08-06,0.0
2018-08-07,7.0
2018-08-08,0.0
2018-08-09,-4.0
2018-08-10,9.0
2018-08-11,-10.0
2018-08-12,-1.0
2018-08-13,8.0
2018-08-14,5.0
2018-08-15,-21.0
2018-08-16,11.0
2018-08-17,-1.0
2018-08-18,5.0
2018-08-19,-3.0
2018-08-20,13.0
2018-08-21,7.0
2018-08-22,-17.0
2018-08-23,-4.0
2018-08-24,-4.0
2018-08-25,-6.0
2018-08-26,5.0
2018-08-27,6.0
2018-08-28,3.0
2018-08-29,1.0
2018-08-30,-3.0
2018-08-31,-11.0
2018-09-01,4.0
2018-09-02,-5.0
2018-09-03,6.0
2018-09-04,5.0
2018-09-05,-4.0
2018-09-06,14.0
2018-09-07,-17.0
2018-09-08,18.0
2018-09-09,4.0
2018-09-10,9.0
2018-09-11,-8.0
2018-09-12,-5.0
2018-09-13,-11.0
2018-09-14,-7.0
2018-09-15,10.0
2018-09-16,0.0
2018-09-17,9.0
2018-09-18,2.0
2018-09-19,-10.0
2018-09-20,12.0
2018-09-21,-22.0
2018-09-22,10.0
2018-09-23,0.0
2018-09-24,26.0
2018-09-25,12.0
2018-09-26,-17.0
2018-09-27,-15.0
2018-09-28,-5.0
2018-09-29,-15.0
2018-09-30,25.0
2018-10-01,9.0
2018-10-02,19.0
2018-10-03,-10.0
2018-10-04,-13.0
2018-10-05,-22.0
2018-10-06,5.0
2018-10-07,5.0
2018-10-08,13.0
2018-10-09,-13.0
2018-10-10,-2.0
2018-10-11,22.0
2018-10-12,-6.0
2018-10-13,149.0
2018-10-14,99.0
2018-10-15,-125.0
2018-10-16,261.0
2018-10-17,143.0
2018-10-18,296.0
2018-10-19,-460.0
2018-10-20,-173.0
2018-10-21,243.0
2018-10-22,33.0
2018-10-23,-227.0
2018-10-24,116.0
2018-10-25,52.0
2018-10-26,-20.0
2018-10-27,-68.0
2018-10-28,-126.0
2018-10-29,29.0
2018-10-30,16.0
2018-10-31,-120.0
2018-11-01,-69.0
2018-11-02,-46.0
2018-11-03,75.0
2018-11-04,90.0
2018-11-05,52.0
2018-11-06,-82.0
2018-11-07,-9.0
2018-11-08,119.0
2018-11-09,56.0
2018-11-10,63.0
2018-11-11,-23.0
2018-11-12,47.0
2018-11-13,-97.0
2018-11-14,290.0
2018-11-15,50.0
2018-11-16,-129.0
2018-11-17,-212.0
2018-11-18,6.0
2018-11-19,-58.0
2018-11-20,43.0
2018-11-21,163.0
2018-11-22,438.0
2018-11-23,115.0
2018-11-24,-549.0
2018-11-25,-292.0
2018-11-26,60.0
2018-11-27,96.0
2018-11-28,121.0
2018-11-29,-86.0
2018-11-30,-87.0
2018-12-01,-42.0
2018-12-02,-84.0
2018-12-03,122.0
2018-12-04,96.0
2018-12-05,95.0
2018-12-06,-93.0
2018-12-07,29.0
2018-12-08,149.0
2018-12-09,-132.0
2018-12-10,3.0
2018-12-11,-51.0
2018-12-12,-20.0
2018-12-13,-7.0
2018-12-14,-144.0
2018-12-15,-33.0
2018-12-16,111.0
2018-12-17,11.0
2018-12-18,161.0
2018-12-19,-72.0
2018-12-20,-118.0
2018-12-21,-55.0
2018-12-22,31.0
2018-12-23,-22.0
2018-12-24,-18.0
2018-12-25,-3.0
2018-12-26,106.0
2018-12-27,-16.0
2018-12-28,-125.0
2018-12-29,-13.0
2018-12-30,108.0
2018-12-31,-38.0
2019-01-01,-86.0
2019-01-02,141.0
2019-01-03,-29.0
2019-01-04,-29.0
2019-01-05,-13.0
2019-01-06,-6.0
2019-01-07,276.0
2019-01-08,-211.0
2019-01-09,16.0
2019-01-10,138.0
2019-01-11,250.0
2019-01-12,-56.0
2019-01-13,-378.0
2019-01-14,679.0
2019-01-15,-449.0
2019-01-16,-105.0
2019-01-17,117.0
2019-01-18,-127.0
2019-01-19,-17.0
2019-01-20,158.0
2019-01-21,1508.0
2019-01-22,-877.0
2019-01-23,-724.0
2019-01-24,-141.0
2019-01-25,24.0
2019-01-26,71.0
2019-01-27,-127.0
2019-01-28,183.0
2019-01-29,3.0
2019-01-30,522.0
2019-01-31,584.0
2019-02-01,-656.0
2019-02-02,-275.0
2019-02-03,-286.0
2019-02-04,-98.0
2019-02-05,92.0
2019-02-06,-11.0
2019-02-07,-46.0
2019-02-08,-30.0
2019-02-09,250.0
2019-02-10,-93.0
2019-02-11,5.0
2019-02-12,183.0
2019-02-13,-234.0
2019-02-14,-97.0
2019-02-15,-54.0
2019-02-16,83.0
2019-02-17,80.0
2019-02-18,-43.0
2019-02-19,77.0
2019-02-20,27.0
2019-02-21,-194.0
2019-02-22,-5.0
2019-02-23,1.0
2019-02-24,32.0
2019-02-25,68.0
2019-02-26,116.0
2019-02-27,103.0
2019-02-28,-127.0
2019-03-01,-7.0
2019-03-02,-33.0
2019-03-03,-124.0
2019-03-04,66.0
2019-03-05,101.0
2019-03-06,112.0
2019-03-07,-74.0
2019-03-08,-122.0
2019-03-09,-70.0
2019-03-10,-22.0
2019-03-11,-18.0
2019-03-12,39.0
2019-03-13,-19.0
2019-03-14,-19.0
2019-03-15,-77.0
2019-03-16,124.0
2019-03-17,13.0
2019-03-18,-6.0
2019-03-19,-20.0
2019-03-20,-21.0
2019-03-21,-5.0
2019-03-22,-39.0
2019-03-23,40.0
2019-03-24,-108.0
2019-03-25,82.0
2019-03-26,26.0
2019-03-27,48.0
2019-03-28,-79.0
2019-03-29,-73.0
2019-03-30,-29.0
2019-03-31,50.0
2019-04-01,100.0
2019-04-02,-28.0
2019-04-03,-90.0
2019-04-04,41.0
2019-04-05,18.0
2019-04-06,-88.0
2019-04-07,9.0
2019-04-08,-9.0
2019-04-09,170.0
2019-04-10,-124.0
2019-04-11,116.0
2019-04-12,-124.0
2019-04-13,-5.0
2019-04-14,-65.0
2019-04-15,54.0
2019-04-16,24.0
2019-04-17,-46.0
2019-04-18,47.0
2019-04-19,-86.0
2019-04-20,-7.0
2019-04-21,25.0
2019-04-22,-3.0
2019-04-23,-25.0
2019-04-24,-13.0
2019-04-25,25.0
2019-04-26,28.0
2019-04-27,36.0
2019-04-28,112.0
2019-04-29,-22.0
2019-04-30,-86.0
2019-05-01,42.0
2019-05-02,-91.0
2019-05-03,40.0
2019-05-04,-46.0
2019-05-05,46.0
2019-05-06,-35.0
2019-05-07,19.0
2019-05-08,-37.0
2019-05-09,25.0
2019-05-10,-21.0
2019-05-11,4.0
2019-05-12,129.0
2019-05-13,94.0
2019-05-14,-79.0
2019-05-15,-108.0
2019-05-16,-54.0
2019-05-17,-6.0
2019-05-18,-20.0
2019-05-19,2.0
2019-05-20,19.0
2019-05-21,-15.0
2019-05-22,5.0
2019-05-23,0.0
2019-05-24,-8.0
2019-05-25,-3.0
2019-05-26,-2.0
2019-05-27,9.0
2019-05-28,4.0
2019-05-29,7.0
2019-05-30,-15.0
2019-05-31,2.0
2019-06-01,1.0
2019-06-02,4.0
2019-06-03,4.0
2019-06-04,-10.0
2019-06-05,2.0
2019-06-06,8.0
2019-06-07,-25.0
2019-06-08,2.0
2019-06-09,4.0
2019-06-10,19.0
2019-06-11,3.0
2019-06-12,-2.0
2019-06-13,-7.0
2019-06-14,-7.0
2019-06-15,5.0
2019-06-16,6.0
2019-06-17,3.0
2019-06-18,17.0
2019-06-19,-20.0
2019-06-20,7.0
2019-06-21,-11.0
2019-06-22,-12.0
2019-06-23,7.0
2019-06-24,11.0
2019-06-25,-5.0
2019-06-26,8.0
2019-06-27,-12.0
2019-06-28,-34.0
2019-06-29,27.0
2019-06-30,-12.0
2019-07-01,5.0
2019-07-02,1.0
2019-07-03,2.0
2019-07-04,-1.0
2019-07-05,9.0
2019-07-06,-5.0
2019-07-07,0.0
2019-07-08,-10.0
2019-07-09,3.0
2019-07-10,-2.0
2019-07-11,1.0
2019-07-12,2.0
2019-07-13,-7.0
2019-07-14,15.0
2019-07-15,-7.0
2019-07-16,-1.0
2019-07-17,1.0
2019-07-18,6.0
2019-07-19,4.0
2019-07-20,21.0
2019-07-21,-9.0
2019-07-22,3.0
2019-07-23,-14.0
2019-07-24,-5.0
2019-07-25,-6.0
2019-07-26,11.0
2019-07-27,-9.0
2019-07-28,5.0
2019-07-29,-3.0
2019-07-30,-11.0
2019-07-31,17.0
2019-08-01,-9.0
2019-08-02,-6.0
2019-08-03,0.0
2019-08-04,6.0
2019-08-05,-11.0
2019-08-06,9.0
2019-08-07,6.0
2019-08-08,-10.0
2019-08-09,4.0
2019-08-10,2.0
2019-08-11,4.0
2019-08-12,-12.0
2019-08-13,7.0
2019-08-14,-3.0
2019-08-15,8.0
2019-08-16,-12.0
2019-08-17,-2.0
2019-08-18,6.0
2019-08-19,5.0
2019-08-20,-3.0
2019-08-21,-10.0
2019-08-22,3.0
2019-08-23,-2.0
2019-08-24,-1.0
2019-08-25,6.0
2019-08-26,9.0
2019-08-27,-5.0
2019-08-28,18.0
2019-08-29,-4.0
2019-08-30,-16.0
2019-08-31,3.0
2019-09-01,-3.0
2019-09-02,9.0
2019-09-03,-9.0
2019-09-04,9.0
2019-09-05,-8.0
2019-09-06,14.0
2019-09-07,-8.0
2019-09-08,9.0
2019-09-09,1.0
2019-09-10,-12.0
2019-09-11,2.0
2019-09-12,-8.0
2019-09-13,-8.0
2019-09-14,10.0
2019-09-15,10.0
2019-09-16,-6.0
2019-09-17,21.0
2019-09-18,-18.0
2019-09-19,-2.0
2019-09-20,-6.0
2019-09-21,2.0
2019-09-22,-1.0
2019-09-23,15.0
2019-09-24,-10.0
2019-09-25,-8.0
2019-09-26,2.0
2019-09-27,1.0
2019-09-28,-2.0
2019-09-29,15.0
2019-09-30,4.0
2019-10-01,-1.0
2019-10-02,-9.0
2019-10-03,17.0
2019-10-04,6.0
2019-10-05,155.0
2019-10-06,-138.0
2019-10-07,-26.0
2019-10-08,14.0
2019-10-09,112.0
2019-10-10,-34.0
2019-10-11,-1.0
2019-10-12,-40.0
2019-10-13,-37.0
2019-10-14,9.0
2019-10-15,53.0
2019-10-16,-27.0
2019-10-17,277.0
2019-10-18,74.0
2019-10-19,-103.0
2019-10-20,-90.0
2019-10-21,-46.0
2019-10-22,-49.0
2019-10-23,-39.0
2019-10-24,36.0
2019-10-25,-42.0
2019-10-26,-14.0
2019-10-27,40.0
2019-10-28,-9.0
2019-10-29,45.0
2019-10-30,-57.0
2019-10-31,-44.0
2019-11-01,271.0
2019-11-02,136.0
2019-11-03,-63.0
2019-11-04,3.0
2019-11-05,-165.0
2019-11-06,97.0
2019-11-07,0.0
2019-11-08,379.0
2019-11-09,-38.0
2019-11-10,-336.0
2019-11-11,-152.0
2019-11-12,510.0
2019-11-13,208.0
2019-11-14,-399.0
2019-11-15,-231.0
2019-11-16,215.0
2019-11-17,33.0
2019-11-18,-180.0
2019-11-19,-25.0
2019-11-20,-47.0
2019-11-21,-14.0
2019-11-22,14.0
2019-11-23,49.0
2019-11-24,-43.0
2019-11-25,-34.0
2019-11-26,-64.0
2019-11-27,-47.0
2019-11-28,115.0
2019-11-29,184.0
2019-11-30,-29.0
2019-12-01,121.0
2019-12-02,-54.0
2019-12-03,9.0
2019-12-04,-98.0
2019-12-05,-16.0
2019-12-06,-91.0
2019-12-07,67.0
2019-12-08,-9.0
2019-12-09,-144.0
2019-12-10,-27.0
2019-12-11,150.0
2019-12-12,89.0
2019-12-13,-166.0
2019-12-14,-54.0
2019-12-15,95.0
2019-12-16,79.0
2019-12-17,48.0
2019-12-18,2.0
2019-12-19,555.0
2019-12-20,-431.0
2019-12-21,-7.0
2019-12-22,-269.0
2019-12-23,-55.0
2019-12-24,14.0
2019-12-25,12.0
2019-12-26,25.0
2019-12-27,-75.0
2019-12-28,-23.0
2019-12-29,18.0
2019-12-30,115.0
2019-12-31,-77.0
2020-01-01,12.0
2020-01-02,-13.0
2020-01-03,-38.0
2020-01-04,7.0
2020-01-05,85.0
2020-01-06,21.0
2020-01-07,-50.0
2020-01-08,163.0
2020-01-09,66.0
2020-01-10,-273.0
2020-01-11,-77.0
2020-01-12,-1.0
2020-01-13,115.0
2020-01-14,-22.0
2020-01-15,-38.0
2020-01-16,82.0
2020-01-17,249.0
2020-01-18,111.0
2020-01-19,-328.0
2020-01-20,279.0
2020-01-21,-28.0
2020-01-22,-148.0
2020-01-23,-117.0
2020-01-24,-49.0
2020-01-25,10.0
2020-01-26,-63.0
2020-01-27,36.0
2020-01-28,21.0
2020-01-29,110.0
2020-01-30,45.0
2020-01-31,-147.0
2020-02-01,-69.0
2020-02-02,-2.0
